id,title,route,color_mode,component,selector,baseline_url,candidate_url,key_deltas,likely_css_files,baseline_css_sources,candidate_css_sources,suggested_patch_confidence,suggested_css_selector,suggested_declarations,baseline_xpath,baseline_html_snippet,candidate_xpath,candidate_html_snippet,evidence_baseline,evidence_candidate
"1","Admin Theme (dark + light) Appearance List - Button style regression vs Drupal 11 Gin","Appearance List","dark + light","Button","button, input[type=""submit""], .button","http://drupal-11.3.10.ddev.site/admin/appearance","http://drupal-12-git.ddev.site:8080/admin/appearance","light: paddingY: 27.3% | paddingX: 45.8% | width: 13.4% | dark: paddingY: 27.3% | paddingX: 45.8% | width: 13.4%","http://drupal-git.ddev.site:8080/sites/default/files/css/css_KLhKWkd-10fItBI0yB5zU1NVxtsUcnqp3mnSsic0sXw.css | http://drupal-git.ddev.site:8080/sites/default/files/css/css_K3Pg-LHuUFEv7TIJIA-i3Ryvra2mm7HR2eK_YVACwPA.css | http://drupal-git.ddev.site:8080/sites/default/files/css/css_Jqmjn5cfMRdz66qR0MTQFuJB7zjvTCg4pzfGmBy-Gz4.css","http://drupal-11.3.10.ddev.site/sites/default/files/css/css_ZSWPcqw2uJ8TwO2JSDqVaNnG8j1lsv-5GNaHe27pT6c.css | http://drupal-11.3.10.ddev.site/sites/default/files/css/css_jCbHPfzUcPdgQs_29JjfWM9gg6XXE2s20hWDS4A23gk.css","http://drupal-git.ddev.site:8080/sites/default/files/css/css_KLhKWkd-10fItBI0yB5zU1NVxtsUcnqp3mnSsic0sXw.css | http://drupal-git.ddev.site:8080/sites/default/files/css/css_K3Pg-LHuUFEv7TIJIA-i3Ryvra2mm7HR2eK_YVACwPA.css","","","","/html[1]/body[1]/aside[1]/nav[1]/div[2]/ul[1]/li[1]/button[1]","<button class=""toolbar-link toolbar-link--has-icon toolbar-link--create""> <span class=""toolbar-link__action"">Extend</span> <span class=""toolbar-link__label"">Create</span> </button>","/html[1]/body[1]/aside[1]/nav[1]/div[1]/div[2]/ul[1]/li[1]/button[1]","<button aria-expanded=""false"" aria-controls=""navigation-link--navigationcreate-1305022686"" data-toolbar-popover-control="""" data-has-safe-triangle="""" data-component-id=""navigation:toolbar-button"" data-index-text=""c"" data-icon-text=""Cr"" class=""toolbar-button toolbar-button--icon--navigation-create toolbar-button--expand--side toolbar-button--collapsible toolbar-popover__control"" data-once=""safe-triangle""> <svg width=""20"" height=""20"" viewBox=""0 0 24 24"" fill=""none"" class=""toolbar-button__icon"" aria-hidden=""true""> <path d=""M12 2.25C10.0716 2.25 8.18657 2.82183 6.58319 3.89317C4.97982 4.96452 3.73013 6.48726 2.99218 8.26884C2.25422 10.0504 2.06114 12.0108 2.43735 13.9021C2.81355 15.7934 3.74215 17.5307 5.10571 18.8943C6.46928 20.2579 8.20656 21.1865 10.0979 21.5627C11.9892 21.9389 13.9496 21.74","baseline/appearance-list__default__light__button.png","candidate/appearance-list__default__light__button.png"
"2","Admin Theme (dark + light) Appearance List - Form Label style regression vs Drupal 11 Gin","Appearance List","dark + light","Form Label","label","http://drupal-11.3.10.ddev.site/admin/appearance","http://drupal-12-git.ddev.site:8080/admin/appearance","light: width: 152.4% | dark: width: 152.4%","core/themes/default_admin/css/components/form.css | core/themes/default_admin/css/components/form.pcss.css | core/themes/default_admin/css/components/tables.css | core/themes/default_admin/css/components/tables.pcss.css","http://drupal-11.3.10.ddev.site/sites/default/files/css/css_jCbHPfzUcPdgQs_29JjfWM9gg6XXE2s20hWDS4A23gk.css | http://drupal-11.3.10.ddev.site/sites/default/files/css/css_92ot4r8VwzMCzBRreiG8ryjZuwyROzI88VVjL7S8YzY.css","http://drupal-git.ddev.site:8080/sites/default/files/css/css_K3Pg-LHuUFEv7TIJIA-i3Ryvra2mm7HR2eK_YVACwPA.css","","","","/html[1]/body[1]/div[2]/div[5]/main[1]/div[4]/div[1]/form[1]/details[1]/div[1]/div[1]/label[1]","<label for=""edit-admin-theme--2"" class=""form-item__label"">Administration theme</label>","/html[1]/body[1]/div[4]/div[2]/main[1]/div[4]/div[1]/form[1]/details[1]/div[1]/div[1]/label[1]","<label for=""edit-admin-theme--2"" class=""form-item__label"">Administration theme</label>","baseline/appearance-list__default__light__label.png","candidate/appearance-list__default__light__label.png"
"3","Admin Theme (dark + light) Appearance List - Toolbar Structure Toggle Button style regression vs Drupal 11 Gin","Appearance List","dark + light","Toolbar Structure Toggle Button","button.toolbar-link.toolbar-link--system-admin-structure","http://drupal-11.3.10.ddev.site/admin/appearance","http://drupal-12-git.ddev.site:8080/admin/appearance","light: fontSize: -100.0% | lineHeight: -100.0% | paddingY: -100.0% | paddingX: -100.0% | width: -100.0% | height: -100.0% | count: -1 (-100.0%) | dark: fontSize: -100.0% | lineHeight: -100.0% | paddingY: -100.0% | paddingX: -100.0% | width: -100.0% | height: -100.0% | count: -1 (-100.0%)","unknown","http://drupal-11.3.10.ddev.site/sites/default/files/css/css_ZSWPcqw2uJ8TwO2JSDqVaNnG8j1lsv-5GNaHe27pT6c.css | http://drupal-11.3.10.ddev.site/sites/default/files/css/css_jCbHPfzUcPdgQs_29JjfWM9gg6XXE2s20hWDS4A23gk.css","","","","","/html[1]/body[1]/aside[1]/nav[1]/div[4]/ul[1]/li[1]/button[1]","<button class=""toolbar-link toolbar-link--has-icon toolbar-link--system-admin-structure""> <span class=""toolbar-link__action"">Extend</span> <span class=""toolbar-link__label"">Structure</span> </button>","","","baseline/appearance-list__default__light__toolbar-structure-toggle.png",""
"4","Admin Theme (dark + light) Configuration Overview - Button style regression vs Drupal 11 Gin","Configuration Overview","dark + light","Button","button, input[type=""submit""], .button","http://drupal-11.3.10.ddev.site/admin/config","http://drupal-12-git.ddev.site:8080/admin/config","light: paddingY: 11.1% | paddingX: 37.5% | count: +3 (60.0%) | dark: paddingY: 11.1% | paddingX: 37.5% | count: +3 (60.0%)","http://drupal-git.ddev.site:8080/sites/default/files/css/css_KLhKWkd-10fItBI0yB5zU1NVxtsUcnqp3mnSsic0sXw.css | http://drupal-git.ddev.site:8080/sites/default/files/css/css_K3Pg-LHuUFEv7TIJIA-i3Ryvra2mm7HR2eK_YVACwPA.css","http://drupal-11.3.10.ddev.site/sites/default/files/css/css_ZSWPcqw2uJ8TwO2JSDqVaNnG8j1lsv-5GNaHe27pT6c.css | http://drupal-11.3.10.ddev.site/sites/default/files/css/css_jCbHPfzUcPdgQs_29JjfWM9gg6XXE2s20hWDS4A23gk.css","http://drupal-git.ddev.site:8080/sites/default/files/css/css_KLhKWkd-10fItBI0yB5zU1NVxtsUcnqp3mnSsic0sXw.css | http://drupal-git.ddev.site:8080/sites/default/files/css/css_K3Pg-LHuUFEv7TIJIA-i3Ryvra2mm7HR2eK_YVACwPA.css","","","","/html[1]/body[1]/aside[1]/nav[1]/div[2]/ul[1]/li[1]/button[1]","<button class=""toolbar-link toolbar-link--has-icon toolbar-link--create""> <span class=""toolbar-link__action"">Extend</span> <span class=""toolbar-link__label"">Create</span> </button>","/html[1]/body[1]/aside[1]/nav[1]/div[1]/div[2]/ul[1]/li[1]/button[1]","<button aria-expanded=""false"" aria-controls=""navigation-link--navigationcreate-1305022686"" data-toolbar-popover-control="""" data-has-safe-triangle="""" data-component-id=""navigation:toolbar-button"" data-index-text=""c"" data-icon-text=""Cr"" class=""toolbar-button toolbar-button--icon--navigation-create toolbar-button--expand--side toolbar-button--collapsible toolbar-popover__control"" data-once=""safe-triangle""> <svg width=""20"" height=""20"" viewBox=""0 0 24 24"" fill=""none"" class=""toolbar-button__icon"" aria-hidden=""true""> <path d=""M12 2.25C10.0716 2.25 8.18657 2.82183 6.58319 3.89317C4.97982 4.96452 3.73013 6.48726 2.99218 8.26884C2.25422 10.0504 2.06114 12.0108 2.43735 13.9021C2.81355 15.7934 3.74215 17.5307 5.10571 18.8943C6.46928 20.2579 8.20656 21.1865 10.0979 21.5627C11.9892 21.9389 13.9496 21.74","baseline/config-overview__default__light__button.png","candidate/config-overview__default__light__button.png"
"5","Admin Theme (dark + light) Configuration Overview - Toolbar Structure Toggle Button style regression vs Drupal 11 Gin","Configuration Overview","dark + light","Toolbar Structure Toggle Button","button.toolbar-link.toolbar-link--system-admin-structure","http://drupal-11.3.10.ddev.site/admin/config","http://drupal-12-git.ddev.site:8080/admin/config","light: fontSize: -100.0% | lineHeight: -100.0% | paddingY: -100.0% | paddingX: -100.0% | width: -100.0% | height: -100.0% | count: -1 (-100.0%) | dark: fontSize: -100.0% | lineHeight: -100.0% | paddingY: -100.0% | paddingX: -100.0% | width: -100.0% | height: -100.0% | count: -1 (-100.0%)","unknown","http://drupal-11.3.10.ddev.site/sites/default/files/css/css_ZSWPcqw2uJ8TwO2JSDqVaNnG8j1lsv-5GNaHe27pT6c.css | http://drupal-11.3.10.ddev.site/sites/default/files/css/css_jCbHPfzUcPdgQs_29JjfWM9gg6XXE2s20hWDS4A23gk.css","","","","","/html[1]/body[1]/aside[1]/nav[1]/div[4]/ul[1]/li[1]/button[1]","<button class=""toolbar-link toolbar-link--has-icon toolbar-link--system-admin-structure""> <span class=""toolbar-link__action"">Extend</span> <span class=""toolbar-link__label"">Structure</span> </button>","","","baseline/config-overview__default__light__toolbar-structure-toggle.png",""
"6","Admin Theme (dark) Configuration Overview - Page Title Heading (h1) style regression vs Drupal 11 Gin","Configuration Overview","dark","Page Title Heading (h1)","h1.page-title, .page-title h1, .page-title","http://drupal-11.3.10.ddev.site/admin/config","http://drupal-12-git.ddev.site:8080/admin/config","fontSize: 41.6% | paddingX: 41.6% | width: 40.4% | height: 41.4%","core/themes/default_admin/css/base/elements.css | core/themes/default_admin/css/base/elements.pcss.css | core/themes/default_admin/css/components/page-title.css | core/themes/default_admin/css/components/page-title.pcss.css","http://drupal-11.3.10.ddev.site/sites/default/files/css/css_ZSWPcqw2uJ8TwO2JSDqVaNnG8j1lsv-5GNaHe27pT6c.css | http://drupal-11.3.10.ddev.site/sites/default/files/css/css_jCbHPfzUcPdgQs_29JjfWM9gg6XXE2s20hWDS4A23gk.css | http://drupal-11.3.10.ddev.site/sites/default/files/css/css_92ot4r8VwzMCzBRreiG8ryjZuwyROzI88VVjL7S8YzY.css","http://drupal-git.ddev.site:8080/sites/default/files/css/css_KLhKWkd-10fItBI0yB5zU1NVxtsUcnqp3mnSsic0sXw.css | http://drupal-git.ddev.site:8080/sites/default/files/css/css_K3Pg-LHuUFEv7TIJIA-i3Ryvra2mm7HR2eK_YVACwPA.css","medium","h1","font-size: 24px; /* current ~34px */ | padding-inline: 6px; /* current ~8.5px */ | min-height: 29px; /* current ~41px */","/html[1]/body[1]/div[2]/header[1]/div[1]/div[1]/div[1]/h1[1]","<h1 class=""page-title"">Configuration</h1>","/html[1]/body[1]/div[4]/header[1]/div[1]/div[1]/div[1]/h1[1]","<h1 class=""page-title"">Configuration</h1>","baseline/config-overview__default__dark__page-title-heading.png","candidate/config-overview__default__dark__page-title-heading.png"
"7","Admin Theme (dark + light) Configuration Performance - Button style regression vs Drupal 11 Gin","Configuration Performance","dark + light","Button","button, input[type=""submit""], .button","http://drupal-11.3.10.ddev.site/admin/config/development/performance","http://drupal-12-git.ddev.site:8080/admin/config/development/performance","light: paddingX: 17.4% | dark: paddingX: 17.4%","http://drupal-git.ddev.site:8080/sites/default/files/css/css_KLhKWkd-10fItBI0yB5zU1NVxtsUcnqp3mnSsic0sXw.css | http://drupal-git.ddev.site:8080/sites/default/files/css/css_K3Pg-LHuUFEv7TIJIA-i3Ryvra2mm7HR2eK_YVACwPA.css","http://drupal-11.3.10.ddev.site/sites/default/files/css/css_ZSWPcqw2uJ8TwO2JSDqVaNnG8j1lsv-5GNaHe27pT6c.css | http://drupal-11.3.10.ddev.site/sites/default/files/css/css_jCbHPfzUcPdgQs_29JjfWM9gg6XXE2s20hWDS4A23gk.css","http://drupal-git.ddev.site:8080/sites/default/files/css/css_KLhKWkd-10fItBI0yB5zU1NVxtsUcnqp3mnSsic0sXw.css | http://drupal-git.ddev.site:8080/sites/default/files/css/css_K3Pg-LHuUFEv7TIJIA-i3Ryvra2mm7HR2eK_YVACwPA.css","","","","/html[1]/body[1]/aside[1]/nav[1]/div[2]/ul[1]/li[1]/button[1]","<button class=""toolbar-link toolbar-link--has-icon toolbar-link--create""> <span class=""toolbar-link__action"">Extend</span> <span class=""toolbar-link__label"">Create</span> </button>","/html[1]/body[1]/aside[1]/nav[1]/div[1]/div[2]/ul[1]/li[1]/button[1]","<button aria-expanded=""false"" aria-controls=""navigation-link--navigationcreate-1305022686"" data-toolbar-popover-control="""" data-has-safe-triangle="""" data-component-id=""navigation:toolbar-button"" data-index-text=""c"" data-icon-text=""Cr"" class=""toolbar-button toolbar-button--icon--navigation-create toolbar-button--expand--side toolbar-button--collapsible toolbar-popover__control"" data-once=""safe-triangle""> <svg width=""20"" height=""20"" viewBox=""0 0 24 24"" fill=""none"" class=""toolbar-button__icon"" aria-hidden=""true""> <path d=""M12 2.25C10.0716 2.25 8.18657 2.82183 6.58319 3.89317C4.97982 4.96452 3.73013 6.48726 2.99218 8.26884C2.25422 10.0504 2.06114 12.0108 2.43735 13.9021C2.81355 15.7934 3.74215 17.5307 5.10571 18.8943C6.46928 20.2579 8.20656 21.1865 10.0979 21.5627C11.9892 21.9389 13.9496 21.74","baseline/config-performance__default__light__button.png","candidate/config-performance__default__light__button.png"
"8","Admin Theme (dark + light) Configuration Performance - Form Label style regression vs Drupal 11 Gin","Configuration Performance","dark + light","Form Label","label","http://drupal-11.3.10.ddev.site/admin/config/development/performance","http://drupal-12-git.ddev.site:8080/admin/config/development/performance","light: width: 122.6% | dark: width: 122.6%","core/themes/default_admin/css/components/form.css | core/themes/default_admin/css/components/form.pcss.css | core/themes/default_admin/css/components/tables.css | core/themes/default_admin/css/components/tables.pcss.css","http://drupal-11.3.10.ddev.site/sites/default/files/css/css_jCbHPfzUcPdgQs_29JjfWM9gg6XXE2s20hWDS4A23gk.css | http://drupal-11.3.10.ddev.site/sites/default/files/css/css_92ot4r8VwzMCzBRreiG8ryjZuwyROzI88VVjL7S8YzY.css","http://drupal-git.ddev.site:8080/sites/default/files/css/css_K3Pg-LHuUFEv7TIJIA-i3Ryvra2mm7HR2eK_YVACwPA.css","","","","/html[1]/body[1]/div[2]/div[5]/main[1]/div[4]/div[1]/form[2]/details[1]/div[1]/div[1]/label[1]","<label for=""edit-page-cache-maximum-age"" class=""form-item__label"">Browser and proxy cache maximum age</label>","/html[1]/body[1]/div[4]/div[2]/main[1]/div[4]/div[1]/form[2]/details[1]/div[1]/div[1]/label[1]","<label for=""edit-page-cache-maximum-age"" class=""form-item__label"">Browser and proxy cache maximum age</label>","baseline/config-performance__default__light__label.png","candidate/config-performance__default__light__label.png"
"9","Admin Theme (dark + light) Configuration Performance - Toolbar Structure Toggle Button style regression vs Drupal 11 Gin","Configuration Performance","dark + light","Toolbar Structure Toggle Button","button.toolbar-link.toolbar-link--system-admin-structure","http://drupal-11.3.10.ddev.site/admin/config/development/performance","http://drupal-12-git.ddev.site:8080/admin/config/development/performance","light: fontSize: -100.0% | lineHeight: -100.0% | paddingY: -100.0% | paddingX: -100.0% | width: -100.0% | height: -100.0% | count: -1 (-100.0%) | dark: fontSize: -100.0% | lineHeight: -100.0% | paddingY: -100.0% | paddingX: -100.0% | width: -100.0% | height: -100.0% | count: -1 (-100.0%)","unknown","http://drupal-11.3.10.ddev.site/sites/default/files/css/css_ZSWPcqw2uJ8TwO2JSDqVaNnG8j1lsv-5GNaHe27pT6c.css | http://drupal-11.3.10.ddev.site/sites/default/files/css/css_jCbHPfzUcPdgQs_29JjfWM9gg6XXE2s20hWDS4A23gk.css","","","","","/html[1]/body[1]/aside[1]/nav[1]/div[4]/ul[1]/li[1]/button[1]","<button class=""toolbar-link toolbar-link--has-icon toolbar-link--system-admin-structure""> <span class=""toolbar-link__action"">Extend</span> <span class=""toolbar-link__label"">Structure</span> </button>","","","baseline/config-performance__default__light__toolbar-structure-toggle.png",""
"10","Admin Theme (dark + light) Configuration Site Information - Required Marker (*) style regression vs Drupal 11 Gin","Configuration Site Information","dark + light","Required Marker (*)","label.form-required, .form-required","http://drupal-11.3.10.ddev.site/admin/config/system/site-information","http://drupal-12-git.ddev.site:8080/admin/config/system/site-information","light: width: 935.6% | dark: width: 875.7%","core/themes/default_admin/css/components/form.css | core/themes/default_admin/css/components/form.pcss.css | core/themes/default_admin/css/components/tables.css | core/themes/default_admin/css/components/tables.pcss.css","http://drupal-11.3.10.ddev.site/sites/default/files/css/css_jCbHPfzUcPdgQs_29JjfWM9gg6XXE2s20hWDS4A23gk.css | http://drupal-11.3.10.ddev.site/sites/default/files/css/css_92ot4r8VwzMCzBRreiG8ryjZuwyROzI88VVjL7S8YzY.css","http://drupal-git.ddev.site:8080/sites/default/files/css/css_K3Pg-LHuUFEv7TIJIA-i3Ryvra2mm7HR2eK_YVACwPA.css","","","","/html[1]/body[1]/div[2]/div[5]/main[1]/div[4]/div[1]/form[1]/details[1]/div[1]/div[1]/label[1]","<label for=""edit-site-name"" class=""form-item__label js-form-required form-required"">Site name</label>","/html[1]/body[1]/div[4]/div[2]/main[1]/div[4]/div[1]/form[1]/details[1]/div[1]/div[1]/label[1]","<label for=""edit-site-name"" class=""form-item__label js-form-required form-required"">Site name</label>","baseline/config-site-info__default__light__required-marker.png","candidate/config-site-info__default__light__required-marker.png"
"11","Admin Theme (dark + light) Configuration Site Information - Button style regression vs Drupal 11 Gin","Configuration Site Information","dark + light","Button","button, input[type=""submit""], .button","http://drupal-11.3.10.ddev.site/admin/config/system/site-information","http://drupal-12-git.ddev.site:8080/admin/config/system/site-information","light: paddingY: 9.1% | paddingX: 25.0% | count: +2 (33.3%) | dark: paddingY: 9.1% | paddingX: 25.0% | count: +2 (33.3%)","http://drupal-git.ddev.site:8080/sites/default/files/css/css_KLhKWkd-10fItBI0yB5zU1NVxtsUcnqp3mnSsic0sXw.css | http://drupal-git.ddev.site:8080/sites/default/files/css/css_K3Pg-LHuUFEv7TIJIA-i3Ryvra2mm7HR2eK_YVACwPA.css","http://drupal-11.3.10.ddev.site/sites/default/files/css/css_ZSWPcqw2uJ8TwO2JSDqVaNnG8j1lsv-5GNaHe27pT6c.css | http://drupal-11.3.10.ddev.site/sites/default/files/css/css_jCbHPfzUcPdgQs_29JjfWM9gg6XXE2s20hWDS4A23gk.css","http://drupal-git.ddev.site:8080/sites/default/files/css/css_KLhKWkd-10fItBI0yB5zU1NVxtsUcnqp3mnSsic0sXw.css | http://drupal-git.ddev.site:8080/sites/default/files/css/css_K3Pg-LHuUFEv7TIJIA-i3Ryvra2mm7HR2eK_YVACwPA.css","","","","/html[1]/body[1]/aside[1]/nav[1]/div[2]/ul[1]/li[1]/button[1]","<button class=""toolbar-link toolbar-link--has-icon toolbar-link--create""> <span class=""toolbar-link__action"">Extend</span> <span class=""toolbar-link__label"">Create</span> </button>","/html[1]/body[1]/aside[1]/nav[1]/div[1]/div[2]/ul[1]/li[1]/button[1]","<button aria-expanded=""false"" aria-controls=""navigation-link--navigationcreate-1305022686"" data-toolbar-popover-control="""" data-has-safe-triangle="""" data-component-id=""navigation:toolbar-button"" data-index-text=""c"" data-icon-text=""Cr"" class=""toolbar-button toolbar-button--icon--navigation-create toolbar-button--expand--side toolbar-button--collapsible toolbar-popover__control"" data-once=""safe-triangle""> <svg width=""20"" height=""20"" viewBox=""0 0 24 24"" fill=""none"" class=""toolbar-button__icon"" aria-hidden=""true""> <path d=""M12 2.25C10.0716 2.25 8.18657 2.82183 6.58319 3.89317C4.97982 4.96452 3.73013 6.48726 2.99218 8.26884C2.25422 10.0504 2.06114 12.0108 2.43735 13.9021C2.81355 15.7934 3.74215 17.5307 5.10571 18.8943C6.46928 20.2579 8.20656 21.1865 10.0979 21.5627C11.9892 21.9389 13.9496 21.74","baseline/config-site-info__default__light__button.png","candidate/config-site-info__default__light__button.png"
"12","Admin Theme (dark + light) Configuration Site Information - Form Label style regression vs Drupal 11 Gin","Configuration Site Information","dark + light","Form Label","label","http://drupal-11.3.10.ddev.site/admin/config/system/site-information","http://drupal-12-git.ddev.site:8080/admin/config/system/site-information","light: width: 637.7% | dark: width: 637.7%","core/themes/default_admin/css/components/form.css | core/themes/default_admin/css/components/form.pcss.css | core/themes/default_admin/css/components/tables.css | core/themes/default_admin/css/components/tables.pcss.css","http://drupal-11.3.10.ddev.site/sites/default/files/css/css_jCbHPfzUcPdgQs_29JjfWM9gg6XXE2s20hWDS4A23gk.css | http://drupal-11.3.10.ddev.site/sites/default/files/css/css_92ot4r8VwzMCzBRreiG8ryjZuwyROzI88VVjL7S8YzY.css","http://drupal-git.ddev.site:8080/sites/default/files/css/css_K3Pg-LHuUFEv7TIJIA-i3Ryvra2mm7HR2eK_YVACwPA.css","","","","/html[1]/body[1]/div[2]/div[5]/main[1]/div[4]/div[1]/form[1]/details[1]/div[1]/div[1]/label[1]","<label for=""edit-site-name"" class=""form-item__label js-form-required form-required"">Site name</label>","/html[1]/body[1]/div[4]/div[2]/main[1]/div[4]/div[1]/form[1]/details[1]/div[1]/div[1]/label[1]","<label for=""edit-site-name"" class=""form-item__label js-form-required form-required"">Site name</label>","baseline/config-site-info__default__light__label.png","candidate/config-site-info__default__light__label.png"
"13","Admin Theme (dark + light) Configuration Site Information - Toolbar Structure Toggle Button style regression vs Drupal 11 Gin","Configuration Site Information","dark + light","Toolbar Structure Toggle Button","button.toolbar-link.toolbar-link--system-admin-structure","http://drupal-11.3.10.ddev.site/admin/config/system/site-information","http://drupal-12-git.ddev.site:8080/admin/config/system/site-information","light: fontSize: -100.0% | lineHeight: -100.0% | paddingY: -100.0% | paddingX: -100.0% | width: -100.0% | height: -100.0% | count: -1 (-100.0%) | dark: fontSize: -100.0% | lineHeight: -100.0% | paddingY: -100.0% | paddingX: -100.0% | width: -100.0% | height: -100.0% | count: -1 (-100.0%)","unknown","http://drupal-11.3.10.ddev.site/sites/default/files/css/css_ZSWPcqw2uJ8TwO2JSDqVaNnG8j1lsv-5GNaHe27pT6c.css | http://drupal-11.3.10.ddev.site/sites/default/files/css/css_jCbHPfzUcPdgQs_29JjfWM9gg6XXE2s20hWDS4A23gk.css","","","","","/html[1]/body[1]/aside[1]/nav[1]/div[4]/ul[1]/li[1]/button[1]","<button class=""toolbar-link toolbar-link--has-icon toolbar-link--system-admin-structure""> <span class=""toolbar-link__action"">Extend</span> <span class=""toolbar-link__label"">Structure</span> </button>","","","baseline/config-site-info__default__light__toolbar-structure-toggle.png",""
"14","Admin Theme (dark + light) Configuration Text Formats - Button style regression vs Drupal 11 Gin","Configuration Text Formats","dark + light","Button","button, input[type=""submit""], .button","http://drupal-11.3.10.ddev.site/admin/config/content/formats","http://drupal-12-git.ddev.site:8080/admin/config/content/formats","light: lineHeight: -9.9% | paddingY: 42.9% | paddingX: 52.8% | width: 19.0% | height: 14.3% | dark: lineHeight: -9.9% | paddingY: 42.9% | paddingX: 52.8% | width: 19.0% | height: 14.3%","http://drupal-git.ddev.site:8080/sites/default/files/css/css_Y2fRQNI2W3fWuksN_OOjRA2OMGffpy-g_o_oDh3cVWc.css | http://drupal-git.ddev.site:8080/sites/default/files/css/css_LxgsxtyChIdi0pZuIoZxdfReWzQuwQSWNhF3N54e2KQ.css","http://drupal-11.3.10.ddev.site/sites/default/files/css/css_Feo_vH3__f0uI-K0LZRLBAeLyUj7BbW4np9Fl2F0PZg.css | http://drupal-11.3.10.ddev.site/sites/default/files/css/css_kA4hhOqhl_AFzJv4-0UOQ4yAhnCdgd3j2KCzoFcj-1w.css","http://drupal-git.ddev.site:8080/sites/default/files/css/css_Y2fRQNI2W3fWuksN_OOjRA2OMGffpy-g_o_oDh3cVWc.css | http://drupal-git.ddev.site:8080/sites/default/files/css/css_LxgsxtyChIdi0pZuIoZxdfReWzQuwQSWNhF3N54e2KQ.css","high","button, input, optgroup, select, textarea","line-height: 17.8px; /* current ~16px */ | padding-block: 14px; /* current ~20px */ | padding-inline: 18px; /* current ~27.5px */ | min-height: 35px; /* current ~40px */","/html[1]/body[1]/aside[1]/nav[1]/div[2]/ul[1]/li[1]/button[1]","<button class=""toolbar-link toolbar-link--has-icon toolbar-link--create""> <span class=""toolbar-link__action"">Extend</span> <span class=""toolbar-link__label"">Create</span> </button>","/html[1]/body[1]/aside[1]/nav[1]/div[1]/div[2]/ul[1]/li[1]/button[1]","<button aria-expanded=""false"" aria-controls=""navigation-link--navigationcreate-1305022686"" data-toolbar-popover-control="""" data-has-safe-triangle="""" data-component-id=""navigation:toolbar-button"" data-index-text=""c"" data-icon-text=""Cr"" class=""toolbar-button toolbar-button--icon--navigation-create toolbar-button--expand--side toolbar-button--collapsible toolbar-popover__control"" data-once=""safe-triangle""> <svg width=""20"" height=""20"" viewBox=""0 0 24 24"" fill=""none"" class=""toolbar-button__icon"" aria-hidden=""true""> <path d=""M12 2.25C10.0716 2.25 8.18657 2.82183 6.58319 3.89317C4.97982 4.96452 3.73013 6.48726 2.99218 8.26884C2.25422 10.0504 2.06114 12.0108 2.43735 13.9021C2.81355 15.7934 3.74215 17.5307 5.10571 18.8943C6.46928 20.2579 8.20656 21.1865 10.0979 21.5627C11.9892 21.9389 13.9496 21.74","baseline/config-text-formats__default__light__button.png","candidate/config-text-formats__default__light__button.png"
"15","Admin Theme (dark + light) Configuration Text Formats - Table Header Cell style regression vs Drupal 11 Gin","Configuration Text Formats","dark + light","Table Header Cell","table thead th","http://drupal-11.3.10.ddev.site/admin/config/content/formats","http://drupal-12-git.ddev.site:8080/admin/config/content/formats","light: height: 13.2% | dark: height: 13.2%","core/themes/default_admin/css/components/tables.css | core/themes/default_admin/css/components/tables.pcss.css","http://drupal-11.3.10.ddev.site/sites/default/files/css/css_kA4hhOqhl_AFzJv4-0UOQ4yAhnCdgd3j2KCzoFcj-1w.css | http://drupal-11.3.10.ddev.site/sites/default/files/css/css_92ot4r8VwzMCzBRreiG8ryjZuwyROzI88VVjL7S8YzY.css","http://drupal-git.ddev.site:8080/sites/default/files/css/css_LxgsxtyChIdi0pZuIoZxdfReWzQuwQSWNhF3N54e2KQ.css","","","","/html[1]/body[1]/div[2]/div[5]/main[1]/div[4]/div[1]/form[1]/div[1]/div[2]/table[1]/thead[1]/tr[1]/th[1]","<th class=""th__name"">Name </th>","/html[1]/body[1]/div[4]/div[2]/main[1]/div[4]/div[1]/form[1]/div[1]/div[2]/table[1]/thead[1]/tr[1]/th[1]","<th class=""th__name"">Name </th>","baseline/config-text-formats__default__light__table-header.png","candidate/config-text-formats__default__light__table-header.png"
"16","Admin Theme (dark + light) Configuration Text Formats - Dropbutton Primary Action Link style regression vs Drupal 11 Gin","Configuration Text Formats","dark + light","Dropbutton Primary Action Link",".dropbutton-wrapper .dropbutton__item.dropbutton-action > a","http://drupal-11.3.10.ddev.site/admin/config/content/formats","http://drupal-12-git.ddev.site:8080/admin/config/content/formats","light: paddingX: -24.4% | dark: paddingX: -24.4%","core/themes/default_admin/css/base/elements.css | core/themes/default_admin/css/base/elements.pcss.css | core/themes/default_admin/css/components/dropbutton.css | core/themes/default_admin/css/components/dropbutton.pcss.css | core/themes/default_admin/css/base/print.css | core/themes/default_admin/css/base/print.pcss.css","http://drupal-11.3.10.ddev.site/sites/default/files/css/css_Feo_vH3__f0uI-K0LZRLBAeLyUj7BbW4np9Fl2F0PZg.css | http://drupal-11.3.10.ddev.site/sites/default/files/css/css_kA4hhOqhl_AFzJv4-0UOQ4yAhnCdgd3j2KCzoFcj-1w.css | http://drupal-11.3.10.ddev.site/sites/default/files/css/css_92ot4r8VwzMCzBRreiG8ryjZuwyROzI88VVjL7S8YzY.css","http://drupal-git.ddev.site:8080/sites/default/files/css/css_Y2fRQNI2W3fWuksN_OOjRA2OMGffpy-g_o_oDh3cVWc.css | http://drupal-git.ddev.site:8080/sites/default/files/css/css_LxgsxtyChIdi0pZuIoZxdfReWzQuwQSWNhF3N54e2KQ.css","","","","/html[1]/body[1]/div[2]/div[5]/main[1]/div[4]/div[1]/form[1]/div[1]/div[2]/table[1]/tbody[1]/tr[1]/td[6]/div[1]/div[1]/ul[1]/li[1]/a[1]","<a href=""/admin/config/content/formats/manage/basic_html?destination=/admin/config/content/formats"" aria-label=""Edit Basic HTML"">Configure</a>","/html[1]/body[1]/div[4]/div[2]/main[1]/div[4]/div[1]/form[1]/div[1]/div[2]/table[1]/tbody[1]/tr[1]/td[6]/div[1]/div[1]/ul[1]/li[1]/a[1]","<a href=""/admin/config/content/formats/manage/basic_html?destination=/admin/config/content/formats"" aria-label=""Edit Basic HTML"">Configure</a>","baseline/config-text-formats__default__light__dropbutton-primary-action.png","candidate/config-text-formats__default__light__dropbutton-primary-action.png"
"17","Admin Theme (dark + light) Configuration Text Formats - Dropbutton Toggle Button style regression vs Drupal 11 Gin","Configuration Text Formats","dark + light","Dropbutton Toggle Button",".dropbutton-wrapper .dropbutton__toggle, .dropbutton-toggle button.dropbutton__toggle","http://drupal-11.3.10.ddev.site/admin/config/content/formats","http://drupal-12-git.ddev.site:8080/admin/config/content/formats","light: fontSize: -12.5% | dark: fontSize: -12.5%","core/themes/default_admin/css/components/dropbutton.css | core/themes/default_admin/css/components/dropbutton.pcss.css","http://drupal-11.3.10.ddev.site/sites/default/files/css/css_Feo_vH3__f0uI-K0LZRLBAeLyUj7BbW4np9Fl2F0PZg.css | http://drupal-11.3.10.ddev.site/sites/default/files/css/css_kA4hhOqhl_AFzJv4-0UOQ4yAhnCdgd3j2KCzoFcj-1w.css | http://drupal-11.3.10.ddev.site/sites/default/files/css/css_92ot4r8VwzMCzBRreiG8ryjZuwyROzI88VVjL7S8YzY.css","http://drupal-git.ddev.site:8080/sites/default/files/css/css_Y2fRQNI2W3fWuksN_OOjRA2OMGffpy-g_o_oDh3cVWc.css | http://drupal-git.ddev.site:8080/sites/default/files/css/css_LxgsxtyChIdi0pZuIoZxdfReWzQuwQSWNhF3N54e2KQ.css","","","","/html[1]/body[1]/div[2]/div[5]/main[1]/div[4]/div[1]/form[1]/div[1]/div[2]/table[1]/tbody[1]/tr[1]/td[6]/div[1]/div[1]/ul[1]/li[2]/button[1]","<button type=""button"" class=""dropbutton__toggle""><span class=""visually-hidden"">List additional actions</span></button>","/html[1]/body[1]/div[4]/div[2]/main[1]/div[4]/div[1]/form[1]/div[1]/div[2]/table[1]/tbody[1]/tr[1]/td[6]/div[1]/div[1]/ul[1]/li[2]/button[1]","<button type=""button"" class=""dropbutton__toggle""><span class=""visually-hidden"">List additional actions</span></button>","",""
"18","Admin Theme (dark + light) Configuration Text Formats - Dropbutton Secondary Action Link style regression vs Drupal 11 Gin","Configuration Text Formats","dark + light","Dropbutton Secondary Action Link",".dropbutton-wrapper .dropbutton__items .dropbutton__item a","http://drupal-11.3.10.ddev.site/admin/config/content/formats","http://drupal-12-git.ddev.site:8080/admin/config/content/formats","light: width: 25.3% | dark: width: 25.3%","core/themes/default_admin/css/base/elements.css | core/themes/default_admin/css/base/elements.pcss.css | core/themes/default_admin/css/base/print.css | core/themes/default_admin/css/base/print.pcss.css","http://drupal-11.3.10.ddev.site/sites/default/files/css/css_Feo_vH3__f0uI-K0LZRLBAeLyUj7BbW4np9Fl2F0PZg.css | http://drupal-11.3.10.ddev.site/sites/default/files/css/css_kA4hhOqhl_AFzJv4-0UOQ4yAhnCdgd3j2KCzoFcj-1w.css | http://drupal-11.3.10.ddev.site/sites/default/files/css/css_92ot4r8VwzMCzBRreiG8ryjZuwyROzI88VVjL7S8YzY.css","http://drupal-git.ddev.site:8080/sites/default/files/css/css_Y2fRQNI2W3fWuksN_OOjRA2OMGffpy-g_o_oDh3cVWc.css | http://drupal-git.ddev.site:8080/sites/default/files/css/css_LxgsxtyChIdi0pZuIoZxdfReWzQuwQSWNhF3N54e2KQ.css","","","","/html[1]/body[1]/div[2]/div[5]/main[1]/div[4]/div[1]/form[1]/div[1]/div[2]/table[1]/tbody[1]/tr[3]/td[6]/div[1]/div[1]/ul[1]/li[3]/ul[1]/li[1]/a[1]","<a href=""/admin/config/content/formats/manage/full_html/disable?destination=/admin/config/content/formats"">Disable</a>","/html[1]/body[1]/div[4]/div[2]/main[1]/div[4]/div[1]/form[1]/div[1]/div[2]/table[1]/tbody[1]/tr[3]/td[6]/div[1]/div[1]/ul[1]/li[3]/ul[1]/li[1]/a[1]","<a href=""/admin/config/content/formats/manage/full_html/disable?destination=/admin/config/content/formats"">Disable</a>","baseline/config-text-formats__default__light__dropbutton-secondary-action.png","candidate/config-text-formats__default__light__dropbutton-secondary-action.png"
"19","Admin Theme (dark + light) Configuration Text Formats - Toolbar Structure Toggle Button style regression vs Drupal 11 Gin","Configuration Text Formats","dark + light","Toolbar Structure Toggle Button","button.toolbar-link.toolbar-link--system-admin-structure","http://drupal-11.3.10.ddev.site/admin/config/content/formats","http://drupal-12-git.ddev.site:8080/admin/config/content/formats","light: fontSize: -100.0% | lineHeight: -100.0% | paddingY: -100.0% | paddingX: -100.0% | width: -100.0% | height: -100.0% | count: -1 (-100.0%) | dark: fontSize: -100.0% | lineHeight: -100.0% | paddingY: -100.0% | paddingX: -100.0% | width: -100.0% | height: -100.0% | count: -1 (-100.0%)","unknown","http://drupal-11.3.10.ddev.site/sites/default/files/css/css_Feo_vH3__f0uI-K0LZRLBAeLyUj7BbW4np9Fl2F0PZg.css | http://drupal-11.3.10.ddev.site/sites/default/files/css/css_kA4hhOqhl_AFzJv4-0UOQ4yAhnCdgd3j2KCzoFcj-1w.css","","","","","/html[1]/body[1]/aside[1]/nav[1]/div[4]/ul[1]/li[1]/button[1]","<button class=""toolbar-link toolbar-link--has-icon toolbar-link--system-admin-structure""> <span class=""toolbar-link__action"">Extend</span> <span class=""toolbar-link__label"">Structure</span> </button>","","","baseline/config-text-formats__default__light__toolbar-structure-toggle.png",""
"20","Admin Theme (dark + light) Configuration Basic HTML Format - Required Marker (*) style regression vs Drupal 11 Gin","Configuration Basic HTML Format","dark + light","Required Marker (*)","label.form-required, .form-required","http://drupal-11.3.10.ddev.site/admin/config/content/formats/manage/basic_html","http://drupal-12-git.ddev.site:8080/admin/config/content/formats/manage/basic_html","light: width: 1906.2% | dark: width: 1906.2%","core/themes/default_admin/css/components/form.css | core/themes/default_admin/css/components/form.pcss.css | core/themes/default_admin/css/components/tables.css | core/themes/default_admin/css/components/tables.pcss.css","http://drupal-11.3.10.ddev.site/sites/default/files/css/css_1Wk6WXYBaSorUIRKrRgNOKA9FgPdCSLLDK6nf8P8Q_8.css | http://drupal-11.3.10.ddev.site/sites/default/files/css/css_92ot4r8VwzMCzBRreiG8ryjZuwyROzI88VVjL7S8YzY.css","http://drupal-git.ddev.site:8080/sites/default/files/css/css_STX0jO7bJqgQibgjvp-jVzlBy6sHmUY2FTr5RNMvoDI.css","","","","/html[1]/body[1]/div[2]/div[5]/main[1]/div[4]/div[1]/form[1]/div[1]/label[1]","<label for=""edit-name"" class=""form-item__label js-form-required form-required"">Name</label>","/html[1]/body[1]/div[4]/div[2]/main[1]/div[4]/div[1]/form[1]/div[1]/label[1]","<label for=""edit-name"" class=""form-item__label js-form-required form-required"">Name</label>","baseline/config-text-format-basic-html__default__light__required-marker.png","candidate/config-text-format-basic-html__default__light__required-marker.png"
"21","Admin Theme (dark + light) Configuration Basic HTML Format - Button style regression vs Drupal 11 Gin","Configuration Basic HTML Format","dark + light","Button","button, input[type=""submit""], .button","http://drupal-11.3.10.ddev.site/admin/config/content/formats/manage/basic_html","http://drupal-12-git.ddev.site:8080/admin/config/content/formats/manage/basic_html","light: paddingY: 9.1% | paddingX: 25.0% | count: +2 (33.3%) | dark: paddingY: 9.1% | paddingX: 25.0% | count: +2 (33.3%)","http://drupal-git.ddev.site:8080/sites/default/files/css/css_Z-cfWYMDY_4heTxbArGUcBbRz684ANdUAVpzIZoKvgs.css | http://drupal-git.ddev.site:8080/sites/default/files/css/css_STX0jO7bJqgQibgjvp-jVzlBy6sHmUY2FTr5RNMvoDI.css","http://drupal-11.3.10.ddev.site/sites/default/files/css/css_x-K8Eme5KSVBh8dgwmxPceRtqhFWK0y0ZNRE2OKpn28.css | http://drupal-11.3.10.ddev.site/sites/default/files/css/css_1Wk6WXYBaSorUIRKrRgNOKA9FgPdCSLLDK6nf8P8Q_8.css","http://drupal-git.ddev.site:8080/sites/default/files/css/css_Z-cfWYMDY_4heTxbArGUcBbRz684ANdUAVpzIZoKvgs.css | http://drupal-git.ddev.site:8080/sites/default/files/css/css_STX0jO7bJqgQibgjvp-jVzlBy6sHmUY2FTr5RNMvoDI.css","","","","/html[1]/body[1]/aside[1]/nav[1]/div[2]/ul[1]/li[1]/button[1]","<button class=""toolbar-link toolbar-link--has-icon toolbar-link--create""> <span class=""toolbar-link__action"">Extend</span> <span class=""toolbar-link__label"">Create</span> </button>","/html[1]/body[1]/aside[1]/nav[1]/div[1]/div[2]/ul[1]/li[1]/button[1]","<button aria-expanded=""false"" aria-controls=""navigation-link--navigationcreate-1305022686"" data-toolbar-popover-control="""" data-has-safe-triangle="""" data-component-id=""navigation:toolbar-button"" data-index-text=""c"" data-icon-text=""Cr"" class=""toolbar-button toolbar-button--icon--navigation-create toolbar-button--expand--side toolbar-button--collapsible toolbar-popover__control"" data-once=""safe-triangle""> <svg width=""20"" height=""20"" viewBox=""0 0 24 24"" fill=""none"" class=""toolbar-button__icon"" aria-hidden=""true""> <path d=""M12 2.25C10.0716 2.25 8.18657 2.82183 6.58319 3.89317C4.97982 4.96452 3.73013 6.48726 2.99218 8.26884C2.25422 10.0504 2.06114 12.0108 2.43735 13.9021C2.81355 15.7934 3.74215 17.5307 5.10571 18.8943C6.46928 20.2579 8.20656 21.1865 10.0979 21.5627C11.9892 21.9389 13.9496 21.74","baseline/config-text-format-basic-html__default__light__button.png","candidate/config-text-format-basic-html__default__light__button.png"
"22","Admin Theme (dark + light) Configuration Basic HTML Format - Form Item Wrapper style regression vs Drupal 11 Gin","Configuration Basic HTML Format","dark + light","Form Item Wrapper",".form-item","http://drupal-11.3.10.ddev.site/admin/config/content/formats/manage/basic_html","http://drupal-12-git.ddev.site:8080/admin/config/content/formats/manage/basic_html","light: height: 29.3% | dark: height: 29.3%","core/themes/default_admin/css/components/views-exposed-form.css | core/themes/default_admin/css/components/views-exposed-form.pcss.css | core/themes/default_admin/css/components/views-ui.css | core/themes/default_admin/css/components/views-ui.pcss.css","http://drupal-11.3.10.ddev.site/sites/default/files/css/css_1Wk6WXYBaSorUIRKrRgNOKA9FgPdCSLLDK6nf8P8Q_8.css | http://drupal-11.3.10.ddev.site/sites/default/files/css/css_92ot4r8VwzMCzBRreiG8ryjZuwyROzI88VVjL7S8YzY.css","http://drupal-git.ddev.site:8080/sites/default/files/css/css_STX0jO7bJqgQibgjvp-jVzlBy6sHmUY2FTr5RNMvoDI.css","","","","/html[1]/body[1]/div[2]/div[5]/main[1]/div[4]/div[1]/form[1]/div[6]","<div class=""js-form-item form-item js-form-type-table form-type--table js-form-item- form-item--""> <label for=""edit-order"" class=""form-item__label"">Filter processing order</label> <div class=""layer-wrapper gin-layer-wrapper""> <div class=""tabledrag-toggle-weight-wrapper"" data-drupal-selector=""tabledrag-toggle-weight-wrapper""> <button type=""button"" class=""link action-link tabledrag-toggle-weight"" data-drupal-selector=""tabledrag-toggle-weight""><span class=""action-link action-link--extrasmall tabledrag-toggle-weight action-link--icon-show"">Show row weights</span></button> </div><table id=""filter-order"" data-drupal-selector=""edit-order"" data-striping=""1"" class=""draggable-table"" data-once=""tabledrag""> <tbody> <tr class=""draggable odd"" data-drupal-selector=""edit-filter-html"" data-once=""claroTable","/html[1]/body[1]/div[4]/div[2]/main[1]/div[4]/div[1]/form[1]/div[6]","<div class=""js-form-item form-item js-form-type-table form-type--table js-form-item- form-item--""> <label for=""edit-order"" class=""form-item__label"">Filter processing order</label> <div class=""layer-wrapper gin-layer-wrapper""> <div class=""tabledrag-toggle-weight-wrapper"" data-drupal-selector=""tabledrag-toggle-weight-wrapper""> <button type=""button"" class=""link action-link tabledrag-toggle-weight"" data-drupal-selector=""tabledrag-toggle-weight""><span class=""action-link action-link--extrasmall tabledrag-toggle-weight action-link--icon-show"">Show row weights</span></button> </div><table id=""filter-order"" data-drupal-selector=""edit-order"" data-striping=""1"" class=""draggable-table"" data-once=""tabledrag""> <tbody> <tr class=""draggable odd"" data-drupal-selector=""edit-filter-html"" data-once=""claroTable","baseline/config-text-format-basic-html__default__light__form-item.png","candidate/config-text-format-basic-html__default__light__form-item.png"
"23","Admin Theme (dark + light) Configuration Basic HTML Format - Form Label style regression vs Drupal 11 Gin","Configuration Basic HTML Format","dark + light","Form Label","label","http://drupal-11.3.10.ddev.site/admin/config/content/formats/manage/basic_html","http://drupal-12-git.ddev.site:8080/admin/config/content/formats/manage/basic_html","light: width: 239.8% | dark: width: 239.8%","core/themes/default_admin/css/components/form.css | core/themes/default_admin/css/components/form.pcss.css | core/themes/default_admin/css/components/tables.css | core/themes/default_admin/css/components/tables.pcss.css","http://drupal-11.3.10.ddev.site/sites/default/files/css/css_1Wk6WXYBaSorUIRKrRgNOKA9FgPdCSLLDK6nf8P8Q_8.css | http://drupal-11.3.10.ddev.site/sites/default/files/css/css_92ot4r8VwzMCzBRreiG8ryjZuwyROzI88VVjL7S8YzY.css","http://drupal-git.ddev.site:8080/sites/default/files/css/css_STX0jO7bJqgQibgjvp-jVzlBy6sHmUY2FTr5RNMvoDI.css","","","","/html[1]/body[1]/div[2]/div[5]/main[1]/div[4]/div[1]/form[1]/div[5]/div[1]/div[11]/label[1]","<label for=""edit-filters-filter-image-lazy-load-status"" class=""form-item__label option"">Lazy load images</label>","/html[1]/body[1]/div[4]/div[2]/main[1]/div[4]/div[1]/form[1]/div[5]/div[1]/div[11]/label[1]","<label for=""edit-filters-filter-image-lazy-load-status"" class=""form-item__label option"">Lazy load images</label>","baseline/config-text-format-basic-html__default__light__label.png","candidate/config-text-format-basic-html__default__light__label.png"
"24","Admin Theme (dark + light) Configuration Basic HTML Format - Toolbar Structure Toggle Button style regression vs Drupal 11 Gin","Configuration Basic HTML Format","dark + light","Toolbar Structure Toggle Button","button.toolbar-link.toolbar-link--system-admin-structure","http://drupal-11.3.10.ddev.site/admin/config/content/formats/manage/basic_html","http://drupal-12-git.ddev.site:8080/admin/config/content/formats/manage/basic_html","light: fontSize: -100.0% | lineHeight: -100.0% | paddingY: -100.0% | paddingX: -100.0% | width: -100.0% | height: -100.0% | count: -1 (-100.0%) | dark: fontSize: -100.0% | lineHeight: -100.0% | paddingY: -100.0% | paddingX: -100.0% | width: -100.0% | height: -100.0% | count: -1 (-100.0%)","unknown","http://drupal-11.3.10.ddev.site/sites/default/files/css/css_x-K8Eme5KSVBh8dgwmxPceRtqhFWK0y0ZNRE2OKpn28.css | http://drupal-11.3.10.ddev.site/sites/default/files/css/css_1Wk6WXYBaSorUIRKrRgNOKA9FgPdCSLLDK6nf8P8Q_8.css","","","","","/html[1]/body[1]/aside[1]/nav[1]/div[4]/ul[1]/li[1]/button[1]","<button class=""toolbar-link toolbar-link--has-icon toolbar-link--system-admin-structure""> <span class=""toolbar-link__action"">Extend</span> <span class=""toolbar-link__label"">Structure</span> </button>","","","baseline/config-text-format-basic-html__default__light__toolbar-structure-toggle.png",""
"25","Admin Theme (dark + light) Configuration File System - Button style regression vs Drupal 11 Gin","Configuration File System","dark + light","Button","button, input[type=""submit""], .button","http://drupal-11.3.10.ddev.site/admin/config/media/file-system","http://drupal-12-git.ddev.site:8080/admin/config/media/file-system","light: paddingY: 9.1% | paddingX: 25.0% | count: +2 (33.3%) | dark: paddingY: 9.1% | paddingX: 25.0% | count: +2 (33.3%)","http://drupal-git.ddev.site:8080/sites/default/files/css/css_KLhKWkd-10fItBI0yB5zU1NVxtsUcnqp3mnSsic0sXw.css | http://drupal-git.ddev.site:8080/sites/default/files/css/css_K3Pg-LHuUFEv7TIJIA-i3Ryvra2mm7HR2eK_YVACwPA.css","http://drupal-11.3.10.ddev.site/sites/default/files/css/css_ZSWPcqw2uJ8TwO2JSDqVaNnG8j1lsv-5GNaHe27pT6c.css | http://drupal-11.3.10.ddev.site/sites/default/files/css/css_jCbHPfzUcPdgQs_29JjfWM9gg6XXE2s20hWDS4A23gk.css","http://drupal-git.ddev.site:8080/sites/default/files/css/css_KLhKWkd-10fItBI0yB5zU1NVxtsUcnqp3mnSsic0sXw.css | http://drupal-git.ddev.site:8080/sites/default/files/css/css_K3Pg-LHuUFEv7TIJIA-i3Ryvra2mm7HR2eK_YVACwPA.css","","","","/html[1]/body[1]/aside[1]/nav[1]/div[2]/ul[1]/li[1]/button[1]","<button class=""toolbar-link toolbar-link--has-icon toolbar-link--create""> <span class=""toolbar-link__action"">Extend</span> <span class=""toolbar-link__label"">Create</span> </button>","/html[1]/body[1]/aside[1]/nav[1]/div[1]/div[2]/ul[1]/li[1]/button[1]","<button aria-expanded=""false"" aria-controls=""navigation-link--navigationcreate-1305022686"" data-toolbar-popover-control="""" data-has-safe-triangle="""" data-component-id=""navigation:toolbar-button"" data-index-text=""c"" data-icon-text=""Cr"" class=""toolbar-button toolbar-button--icon--navigation-create toolbar-button--expand--side toolbar-button--collapsible toolbar-popover__control"" data-once=""safe-triangle""> <svg width=""20"" height=""20"" viewBox=""0 0 24 24"" fill=""none"" class=""toolbar-button__icon"" aria-hidden=""true""> <path d=""M12 2.25C10.0716 2.25 8.18657 2.82183 6.58319 3.89317C4.97982 4.96452 3.73013 6.48726 2.99218 8.26884C2.25422 10.0504 2.06114 12.0108 2.43735 13.9021C2.81355 15.7934 3.74215 17.5307 5.10571 18.8943C6.46928 20.2579 8.20656 21.1865 10.0979 21.5627C11.9892 21.9389 13.9496 21.74","baseline/config-file-system__default__light__button.png","candidate/config-file-system__default__light__button.png"
"26","Admin Theme (dark + light) Configuration File System - Form Label style regression vs Drupal 11 Gin","Configuration File System","dark + light","Form Label","label","http://drupal-11.3.10.ddev.site/admin/config/media/file-system","http://drupal-12-git.ddev.site:8080/admin/config/media/file-system","light: paddingX: 100.0% | width: 262.4% | dark: paddingX: 100.0% | width: 262.4%","core/themes/default_admin/css/components/form.css | core/themes/default_admin/css/components/form.pcss.css | core/themes/default_admin/css/components/tables.css | core/themes/default_admin/css/components/tables.pcss.css","http://drupal-11.3.10.ddev.site/sites/default/files/css/css_jCbHPfzUcPdgQs_29JjfWM9gg6XXE2s20hWDS4A23gk.css | http://drupal-11.3.10.ddev.site/sites/default/files/css/css_92ot4r8VwzMCzBRreiG8ryjZuwyROzI88VVjL7S8YzY.css","http://drupal-git.ddev.site:8080/sites/default/files/css/css_K3Pg-LHuUFEv7TIJIA-i3Ryvra2mm7HR2eK_YVACwPA.css","","","","/html[1]/body[1]/div[2]/div[5]/main[1]/div[4]/div[1]/form[1]/div[1]/label[1]","<label for=""edit-file-public-path"" class=""form-item__label"">Public file system path</label>","/html[1]/body[1]/div[4]/div[2]/main[1]/div[4]/div[1]/form[1]/div[4]/label[1]","<label for=""edit-file-private-path"" class=""form-item__label"">Private file system path</label>","baseline/config-file-system__default__light__label.png","candidate/config-file-system__default__light__label.png"
"27","Admin Theme (dark + light) Configuration File System - Toolbar Structure Toggle Button style regression vs Drupal 11 Gin","Configuration File System","dark + light","Toolbar Structure Toggle Button","button.toolbar-link.toolbar-link--system-admin-structure","http://drupal-11.3.10.ddev.site/admin/config/media/file-system","http://drupal-12-git.ddev.site:8080/admin/config/media/file-system","light: fontSize: -100.0% | lineHeight: -100.0% | paddingY: -100.0% | paddingX: -100.0% | width: -100.0% | height: -100.0% | count: -1 (-100.0%) | dark: fontSize: -100.0% | lineHeight: -100.0% | paddingY: -100.0% | paddingX: -100.0% | width: -100.0% | height: -100.0% | count: -1 (-100.0%)","unknown","http://drupal-11.3.10.ddev.site/sites/default/files/css/css_ZSWPcqw2uJ8TwO2JSDqVaNnG8j1lsv-5GNaHe27pT6c.css | http://drupal-11.3.10.ddev.site/sites/default/files/css/css_jCbHPfzUcPdgQs_29JjfWM9gg6XXE2s20hWDS4A23gk.css","","","","","/html[1]/body[1]/aside[1]/nav[1]/div[4]/ul[1]/li[1]/button[1]","<button class=""toolbar-link toolbar-link--has-icon toolbar-link--system-admin-structure""> <span class=""toolbar-link__action"">Extend</span> <span class=""toolbar-link__label"">Structure</span> </button>","","","baseline/config-file-system__default__light__toolbar-structure-toggle.png",""
"28","Admin Theme (light) Content Overview - Page Title Heading (h1) style regression vs Drupal 11 Gin","Content Overview","light","Page Title Heading (h1)","h1.page-title, .page-title h1, .page-title","http://drupal-11.3.10.ddev.site/admin/content","http://drupal-12-git.ddev.site:8080/admin/content","fontSize: 41.7% | paddingX: 41.7% | width: 35.6% | height: 41.4%","core/themes/default_admin/css/base/elements.css | core/themes/default_admin/css/base/elements.pcss.css | core/themes/default_admin/css/components/page-title.css | core/themes/default_admin/css/components/page-title.pcss.css","http://drupal-11.3.10.ddev.site/sites/default/files/css/css_wsZBQ2nqJp_Iey-iPV5Hz1REdnt4R7xqqTUYNVRCSFw.css | http://drupal-11.3.10.ddev.site/sites/default/files/css/css_oH40WXfT6wsKJ8ltIwuWefX9rbkHwYRflLL3Q7PrAZk.css | http://drupal-11.3.10.ddev.site/sites/default/files/css/css_92ot4r8VwzMCzBRreiG8ryjZuwyROzI88VVjL7S8YzY.css","http://drupal-git.ddev.site:8080/sites/default/files/css/css_A3ff_9VtqWgN3DcBL3QHB4f5uy0xQcrfCWQl-Wx_KbI.css | http://drupal-git.ddev.site:8080/sites/default/files/css/css_LSDC0mQSUYUe-MIxUavBq49SD8SI93myoZ4iAI6BEZk.css","medium","h1","font-size: 24px; /* current ~34px */ | padding-inline: 6px; /* current ~8.5px */ | min-height: 29px; /* current ~41px */","/html[1]/body[1]/div[2]/header[1]/div[1]/div[1]/div[1]/h1[1]","<h1 class=""page-title"">Content</h1>","/html[1]/body[1]/div[4]/header[1]/div[1]/div[1]/div[1]/h1[1]","<h1 class=""page-title"">Content</h1>","baseline/content-overview__default__light__page-title-heading.png","candidate/content-overview__default__light__page-title-heading.png"
"29","Admin Theme (dark + light) Content Overview - Button style regression vs Drupal 11 Gin","Content Overview","dark + light","Button","button, input[type=""submit""], .button","http://drupal-11.3.10.ddev.site/admin/content","http://drupal-12-git.ddev.site:8080/admin/content","light: paddingY: 21.2% | paddingX: 25.0% | width: 27.0% | dark: paddingY: 21.2% | paddingX: 25.0% | width: 27.0%","http://drupal-git.ddev.site:8080/sites/default/files/css/css_A3ff_9VtqWgN3DcBL3QHB4f5uy0xQcrfCWQl-Wx_KbI.css | http://drupal-git.ddev.site:8080/sites/default/files/css/css_LSDC0mQSUYUe-MIxUavBq49SD8SI93myoZ4iAI6BEZk.css | http://drupal-git.ddev.site:8080/sites/default/files/css/css_YB3zeQH423rLMxy8qEHR4JrTfS9DqS14pu-V0knlWdY.css","http://drupal-11.3.10.ddev.site/sites/default/files/css/css_wsZBQ2nqJp_Iey-iPV5Hz1REdnt4R7xqqTUYNVRCSFw.css | http://drupal-11.3.10.ddev.site/sites/default/files/css/css_oH40WXfT6wsKJ8ltIwuWefX9rbkHwYRflLL3Q7PrAZk.css","http://drupal-git.ddev.site:8080/sites/default/files/css/css_A3ff_9VtqWgN3DcBL3QHB4f5uy0xQcrfCWQl-Wx_KbI.css | http://drupal-git.ddev.site:8080/sites/default/files/css/css_LSDC0mQSUYUe-MIxUavBq49SD8SI93myoZ4iAI6BEZk.css","","","","/html[1]/body[1]/aside[1]/nav[1]/div[2]/ul[1]/li[1]/button[1]","<button class=""toolbar-link toolbar-link--has-icon toolbar-link--create""> <span class=""toolbar-link__action"">Extend</span> <span class=""toolbar-link__label"">Create</span> </button>","/html[1]/body[1]/aside[1]/nav[1]/div[1]/div[2]/ul[1]/li[1]/button[1]","<button aria-expanded=""false"" aria-controls=""navigation-link--navigationcreate-1305022686"" data-toolbar-popover-control="""" data-has-safe-triangle="""" data-component-id=""navigation:toolbar-button"" data-index-text=""c"" data-icon-text=""Cr"" class=""toolbar-button toolbar-button--icon--navigation-create toolbar-button--expand--side toolbar-button--collapsible toolbar-popover__control"" data-once=""safe-triangle""> <svg width=""20"" height=""20"" viewBox=""0 0 24 24"" fill=""none"" class=""toolbar-button__icon"" aria-hidden=""true""> <path d=""M12 2.25C10.0716 2.25 8.18657 2.82183 6.58319 3.89317C4.97982 4.96452 3.73013 6.48726 2.99218 8.26884C2.25422 10.0504 2.06114 12.0108 2.43735 13.9021C2.81355 15.7934 3.74215 17.5307 5.10571 18.8943C6.46928 20.2579 8.20656 21.1865 10.0979 21.5627C11.9892 21.9389 13.9496 21.74","baseline/content-overview__default__light__button.png","candidate/content-overview__default__light__button.png"
"30","Admin Theme (light) Content Overview - Details Summary style regression vs Drupal 11 Gin","Content Overview","light","Details Summary","details > summary","http://drupal-11.3.10.ddev.site/admin/content","http://drupal-12-git.ddev.site:8080/admin/content","fontSize: -100.0% | lineHeight: -100.0% | paddingY: -100.0% | paddingX: -100.0% | width: -100.0% | height: -100.0% | count: -6 (-100.0%)","unknown","http://drupal-11.3.10.ddev.site/sites/default/files/css/css_wsZBQ2nqJp_Iey-iPV5Hz1REdnt4R7xqqTUYNVRCSFw.css | http://drupal-11.3.10.ddev.site/sites/default/files/css/css_oH40WXfT6wsKJ8ltIwuWefX9rbkHwYRflLL3Q7PrAZk.css | http://drupal-11.3.10.ddev.site/sites/default/files/css/css_92ot4r8VwzMCzBRreiG8ryjZuwyROzI88VVjL7S8YzY.css","","","","","/html[1]/body[1]/div[2]/div[5]/main[1]/div[2]/div[2]/div[1]/div[1]/div[2]/ul[1]/li[45]/details[1]/summary[1]","<summary><em class=""placeholder"">Deprecated function</em>: Using null as an array offset is deprecated, use an empty string instead in <em class=""placeholder"">Drupal\Core\Entity\ContentEntityBase-&gt;hasTranslation()</em> (line <em class=""placeholder"">984</em> of <em class=""placeholder"">core/lib/Drupal/Core/Entity/ContentEntityBase.php</em>).</summary>","","","baseline/content-overview__default__light__details-summary.png",""
"31","Admin Theme (dark + light) Content Overview - Form Label style regression vs Drupal 11 Gin","Content Overview","dark + light","Form Label","label","http://drupal-11.3.10.ddev.site/admin/content","http://drupal-12-git.ddev.site:8080/admin/content","light: paddingX: 100.0% | width: 187.7% | height: -56.2% | count: -4 (-50.0%) | dark: paddingX: 100.0% | width: 187.7% | height: -56.2% | count: -4 (-50.0%)","core/themes/default_admin/css/components/form.css | core/themes/default_admin/css/components/form.pcss.css | core/themes/default_admin/css/components/tables.css | core/themes/default_admin/css/components/tables.pcss.css","http://drupal-11.3.10.ddev.site/sites/default/files/css/css_oH40WXfT6wsKJ8ltIwuWefX9rbkHwYRflLL3Q7PrAZk.css | http://drupal-11.3.10.ddev.site/sites/default/files/css/css_92ot4r8VwzMCzBRreiG8ryjZuwyROzI88VVjL7S8YzY.css","http://drupal-git.ddev.site:8080/sites/default/files/css/css_LSDC0mQSUYUe-MIxUavBq49SD8SI93myoZ4iAI6BEZk.css","","","","/html[1]/body[1]/div[2]/div[5]/main[1]/div[4]/div[1]/div[1]/div[1]/div[1]/form[1]/div[1]/label[1]","<label for=""edit-title"" class=""form-item__label"">Title</label>","/html[1]/body[1]/div[4]/div[2]/main[1]/div[4]/div[1]/div[1]/div[1]/div[1]/form[1]/div[1]/label[1]","<label for=""edit-title"" class=""form-item__label"">Title</label>","","candidate/content-overview__default__light__label.png"
"32","Admin Theme (dark + light) Content Overview - Dropbutton Wrapper style regression vs Drupal 11 Gin","Content Overview","dark + light","Dropbutton Wrapper",".dropbutton-wrapper.dropbutton-multiple, .dropbutton-wrapper","http://drupal-11.3.10.ddev.site/admin/content","http://drupal-12-git.ddev.site:8080/admin/content","light: width: -22.0% | dark: width: -22.0%","core/themes/default_admin/css/components/dropbutton.css | core/themes/default_admin/css/components/dropbutton.pcss.css | core/themes/default_admin/css/components/views-ui.css | core/themes/default_admin/css/components/views-ui.pcss.css","http://drupal-11.3.10.ddev.site/sites/default/files/css/css_wsZBQ2nqJp_Iey-iPV5Hz1REdnt4R7xqqTUYNVRCSFw.css | http://drupal-11.3.10.ddev.site/sites/default/files/css/css_oH40WXfT6wsKJ8ltIwuWefX9rbkHwYRflLL3Q7PrAZk.css | http://drupal-11.3.10.ddev.site/sites/default/files/css/css_92ot4r8VwzMCzBRreiG8ryjZuwyROzI88VVjL7S8YzY.css","http://drupal-git.ddev.site:8080/sites/default/files/css/css_LSDC0mQSUYUe-MIxUavBq49SD8SI93myoZ4iAI6BEZk.css","","","","/html[1]/body[1]/div[2]/div[5]/main[1]/div[4]/div[1]/div[1]/div[1]/div[2]/div[1]/form[1]/div[2]/table[1]/tbody[1]/tr[1]/td[7]/div[1]","<div class=""dropbutton-wrapper dropbutton-multiple"" data-drupal-ajax-container="""" data-once=""dropbutton ginDropbutton""> <div class=""dropbutton-widget""><ul class=""dropbutton dropbutton--extrasmall dropbutton--multiple dropbutton--gin""> <li class=""edit dropbutton__item dropbutton-action""><a href=""/node/50/edit?destination=/admin/content"" aria-label=""Edit Dummy Page 20"" hreflang=""en"">Edit</a></li><li class=""dropbutton-toggle""><button type=""button"" class=""dropbutton__toggle""><span class=""visually-hidden"">List additional actions</span></button></li> <li class=""dropbutton__item dropbutton-action secondary-action""> <ul class=""dropbutton__items"" style=""position: absolute; overflow-y: auto; top: 100%; bottom: auto; max-height: 400.328px;""> <li class=""delete dropbutton__item dropbutton-action second","/html[1]/body[1]/div[4]/div[2]/main[1]/div[4]/div[1]/div[1]/div[1]/div[2]/div[1]/form[1]/div[2]/table[1]/tbody[1]/tr[1]/td[7]/div[1]","<div class=""dropbutton-wrapper dropbutton-multiple"" data-drupal-ajax-container="""" data-once=""dropbutton ginDropbutton""> <div class=""dropbutton-widget""><ul class=""dropbutton dropbutton--extrasmall dropbutton--multiple dropbutton--gin""> <li class=""edit dropbutton__item dropbutton-action""><a href=""/node/52/edit?destination=/admin/content"" aria-label=""Edit red"" hreflang=""en"">Edit</a></li><li class=""dropbutton-toggle""><button type=""button"" class=""dropbutton__toggle""><span class=""visually-hidden"">List additional actions</span></button></li> <li class=""dropbutton__item dropbutton-action secondary-action""> <ul class=""dropbutton__items"" style=""position: fixed; left: auto; right: 75px; top: 419.203px;""> <li class=""delete dropbutton__item dropbutton-action secondary-action""><a href=""/node/52/delete?d","baseline/content-overview__default__light__dropbutton-wrapper.png","candidate/content-overview__default__light__dropbutton-wrapper.png"
"33","Admin Theme (dark + light) Content Overview - Dropbutton Primary Action Link style regression vs Drupal 11 Gin","Content Overview","dark + light","Dropbutton Primary Action Link",".dropbutton-wrapper .dropbutton__item.dropbutton-action > a","http://drupal-11.3.10.ddev.site/admin/content","http://drupal-12-git.ddev.site:8080/admin/content","light: paddingY: 27.5% | paddingX: -16.7% | dark: paddingX: -15.3% | width: -17.6%","core/themes/default_admin/css/base/elements.css | core/themes/default_admin/css/base/elements.pcss.css | core/themes/default_admin/css/components/dropbutton.css | core/themes/default_admin/css/components/dropbutton.pcss.css | core/themes/default_admin/css/base/print.css | core/themes/default_admin/css/base/print.pcss.css","http://drupal-11.3.10.ddev.site/sites/default/files/css/css_wsZBQ2nqJp_Iey-iPV5Hz1REdnt4R7xqqTUYNVRCSFw.css | http://drupal-11.3.10.ddev.site/sites/default/files/css/css_oH40WXfT6wsKJ8ltIwuWefX9rbkHwYRflLL3Q7PrAZk.css | http://drupal-11.3.10.ddev.site/sites/default/files/css/css_92ot4r8VwzMCzBRreiG8ryjZuwyROzI88VVjL7S8YzY.css","http://drupal-git.ddev.site:8080/sites/default/files/css/css_A3ff_9VtqWgN3DcBL3QHB4f5uy0xQcrfCWQl-Wx_KbI.css | http://drupal-git.ddev.site:8080/sites/default/files/css/css_LSDC0mQSUYUe-MIxUavBq49SD8SI93myoZ4iAI6BEZk.css","medium","a","padding-block: 10px; /* current ~12.8px */ | padding-inline: 30px; /* current ~25px */","/html[1]/body[1]/div[2]/div[5]/main[1]/div[4]/div[1]/div[1]/div[1]/div[2]/div[1]/form[1]/div[2]/table[1]/tbody[1]/tr[1]/td[7]/div[1]/div[1]/ul[1]/li[1]/a[1]","<a href=""/node/50/edit?destination=/admin/content"" aria-label=""Edit Dummy Page 20"" hreflang=""en"">Edit</a>","/html[1]/body[1]/div[4]/div[2]/main[1]/div[4]/div[1]/div[1]/div[1]/div[2]/div[1]/form[1]/div[2]/table[1]/tbody[1]/tr[1]/td[7]/div[1]/div[1]/ul[1]/li[1]/a[1]","<a href=""/node/52/edit?destination=/admin/content"" aria-label=""Edit red"" hreflang=""en"">Edit</a>","baseline/content-overview__default__light__dropbutton-primary-action.png","candidate/content-overview__default__light__dropbutton-primary-action.png"
"34","Admin Theme (dark + light) Content Overview - Dropbutton Toggle Button style regression vs Drupal 11 Gin","Content Overview","dark + light","Dropbutton Toggle Button",".dropbutton-wrapper .dropbutton__toggle, .dropbutton-toggle button.dropbutton__toggle","http://drupal-11.3.10.ddev.site/admin/content","http://drupal-12-git.ddev.site:8080/admin/content","light: fontSize: -12.5% | dark: fontSize: -12.5%","core/themes/default_admin/css/components/dropbutton.css | core/themes/default_admin/css/components/dropbutton.pcss.css","http://drupal-11.3.10.ddev.site/sites/default/files/css/css_wsZBQ2nqJp_Iey-iPV5Hz1REdnt4R7xqqTUYNVRCSFw.css | http://drupal-11.3.10.ddev.site/sites/default/files/css/css_oH40WXfT6wsKJ8ltIwuWefX9rbkHwYRflLL3Q7PrAZk.css | http://drupal-11.3.10.ddev.site/sites/default/files/css/css_92ot4r8VwzMCzBRreiG8ryjZuwyROzI88VVjL7S8YzY.css","http://drupal-git.ddev.site:8080/sites/default/files/css/css_A3ff_9VtqWgN3DcBL3QHB4f5uy0xQcrfCWQl-Wx_KbI.css | http://drupal-git.ddev.site:8080/sites/default/files/css/css_LSDC0mQSUYUe-MIxUavBq49SD8SI93myoZ4iAI6BEZk.css","","","","/html[1]/body[1]/div[2]/div[5]/main[1]/div[4]/div[1]/div[1]/div[1]/div[2]/div[1]/form[1]/div[2]/table[1]/tbody[1]/tr[1]/td[7]/div[1]/div[1]/ul[1]/li[2]/button[1]","<button type=""button"" class=""dropbutton__toggle""><span class=""visually-hidden"">List additional actions</span></button>","/html[1]/body[1]/div[4]/div[2]/main[1]/div[4]/div[1]/div[1]/div[1]/div[2]/div[1]/form[1]/div[2]/table[1]/tbody[1]/tr[1]/td[7]/div[1]/div[1]/ul[1]/li[2]/button[1]","<button type=""button"" class=""dropbutton__toggle""><span class=""visually-hidden"">List additional actions</span></button>","",""
"35","Admin Theme (light) Content Overview - Dropbutton Secondary Actions List style regression vs Drupal 11 Gin","Content Overview","light","Dropbutton Secondary Actions List",".dropbutton-wrapper .dropbutton__items","http://drupal-11.3.10.ddev.site/admin/content","http://drupal-12-git.ddev.site:8080/admin/content","fontSize: 100.0% | lineHeight: 100.0% | paddingY: 100.0% | paddingX: 100.0% | width: 100.0% | height: 100.0% | count: +1 (100.0%)","http://drupal-git.ddev.site:8080/sites/default/files/css/css_LSDC0mQSUYUe-MIxUavBq49SD8SI93myoZ4iAI6BEZk.css","http://drupal-11.3.10.ddev.site/sites/default/files/css/css_oH40WXfT6wsKJ8ltIwuWefX9rbkHwYRflLL3Q7PrAZk.css | http://drupal-11.3.10.ddev.site/sites/default/files/css/css_92ot4r8VwzMCzBRreiG8ryjZuwyROzI88VVjL7S8YzY.css","http://drupal-git.ddev.site:8080/sites/default/files/css/css_LSDC0mQSUYUe-MIxUavBq49SD8SI93myoZ4iAI6BEZk.css","","","","","","/html[1]/body[1]/div[4]/div[2]/main[1]/div[4]/div[1]/div[1]/div[1]/div[2]/div[1]/form[1]/div[2]/table[1]/tbody[1]/tr[3]/td[7]/div[1]/div[1]/ul[1]/li[3]/ul[1]","<ul class=""dropbutton__items"" style=""position: fixed; left: auto; right: 75px; top: 541.203px;""> <li class=""delete dropbutton__item dropbutton-action secondary-action""><a href=""/node/40/delete?destination=/admin/content"" aria-label=""Delete Dummy Page 10"" class=""use-ajax"" data-dialog-type=""modal"" data-dialog-options=""{&quot;width&quot;:880}"" hreflang=""en"" data-once=""ajax"">Delete</a></li> <li class=""view dropbutton__item dropbutton-action secondary-action""><a href=""/node/40?destination=/admin/content"" aria-label=""View Dummy Page 10"" hreflang=""en"">View</a></li> </ul>","","candidate/content-overview__default__light__dropbutton-secondary-list.png"
"36","Admin Theme (dark + light) Content Overview - Dropbutton Secondary Action Link style regression vs Drupal 11 Gin","Content Overview","dark + light","Dropbutton Secondary Action Link",".dropbutton-wrapper .dropbutton__items .dropbutton__item a","http://drupal-11.3.10.ddev.site/admin/content","http://drupal-12-git.ddev.site:8080/admin/content","light: fontSize: 100.0% | lineHeight: 100.0% | paddingY: 100.0% | paddingX: 100.0% | width: 100.0% | height: 100.0% | count: +2 (100.0%) | dark: width: 11.2%","core/themes/default_admin/css/base/elements.css | core/themes/default_admin/css/base/elements.pcss.css | core/themes/default_admin/css/base/print.css | core/themes/default_admin/css/base/print.pcss.css","http://drupal-11.3.10.ddev.site/sites/default/files/css/css_wsZBQ2nqJp_Iey-iPV5Hz1REdnt4R7xqqTUYNVRCSFw.css | http://drupal-11.3.10.ddev.site/sites/default/files/css/css_oH40WXfT6wsKJ8ltIwuWefX9rbkHwYRflLL3Q7PrAZk.css | http://drupal-11.3.10.ddev.site/sites/default/files/css/css_92ot4r8VwzMCzBRreiG8ryjZuwyROzI88VVjL7S8YzY.css","http://drupal-git.ddev.site:8080/sites/default/files/css/css_A3ff_9VtqWgN3DcBL3QHB4f5uy0xQcrfCWQl-Wx_KbI.css | http://drupal-git.ddev.site:8080/sites/default/files/css/css_LSDC0mQSUYUe-MIxUavBq49SD8SI93myoZ4iAI6BEZk.css","","","","","","/html[1]/body[1]/div[4]/div[2]/main[1]/div[4]/div[1]/div[1]/div[1]/div[2]/div[1]/form[1]/div[2]/table[1]/tbody[1]/tr[3]/td[7]/div[1]/div[1]/ul[1]/li[3]/ul[1]/li[1]/a[1]","<a href=""/node/40/delete?destination=/admin/content"" aria-label=""Delete Dummy Page 10"" class=""use-ajax"" data-dialog-type=""modal"" data-dialog-options=""{&quot;width&quot;:880}"" hreflang=""en"" data-once=""ajax"">Delete</a>","","candidate/content-overview__default__light__dropbutton-secondary-action.png"
"37","Admin Theme (dark + light) Content Overview - Toolbar Structure Toggle Button style regression vs Drupal 11 Gin","Content Overview","dark + light","Toolbar Structure Toggle Button","button.toolbar-link.toolbar-link--system-admin-structure","http://drupal-11.3.10.ddev.site/admin/content","http://drupal-12-git.ddev.site:8080/admin/content","light: fontSize: -100.0% | lineHeight: -100.0% | paddingY: -100.0% | paddingX: -100.0% | width: -100.0% | height: -100.0% | count: -1 (-100.0%) | dark: fontSize: -100.0% | lineHeight: -100.0% | paddingY: -100.0% | paddingX: -100.0% | width: -100.0% | height: -100.0% | count: -1 (-100.0%)","unknown","http://drupal-11.3.10.ddev.site/sites/default/files/css/css_wsZBQ2nqJp_Iey-iPV5Hz1REdnt4R7xqqTUYNVRCSFw.css | http://drupal-11.3.10.ddev.site/sites/default/files/css/css_oH40WXfT6wsKJ8ltIwuWefX9rbkHwYRflLL3Q7PrAZk.css","","","","","/html[1]/body[1]/aside[1]/nav[1]/div[4]/ul[1]/li[1]/button[1]","<button class=""toolbar-link toolbar-link--has-icon toolbar-link--system-admin-structure""> <span class=""toolbar-link__action"">Extend</span> <span class=""toolbar-link__label"">Structure</span> </button>","","","baseline/content-overview__default__light__toolbar-structure-toggle.png",""
"38","Admin Theme (dark + light) Content Add Article - Required Marker (*) style regression vs Drupal 11 Gin","Content Add Article","dark + light","Required Marker (*)","label.form-required, .form-required","http://drupal-11.3.10.ddev.site/node/add/article","http://drupal-12-git.ddev.site:8080/node/add/article","light: width: 1488.7% | dark: width: 1488.7%","core/themes/default_admin/css/components/form.css | core/themes/default_admin/css/components/form.pcss.css | core/themes/default_admin/css/components/tables.css | core/themes/default_admin/css/components/tables.pcss.css","http://drupal-11.3.10.ddev.site/sites/default/files/css/css_ZGpJgFPFWg1_JnyJ5I_6tVpDKXPX6oiJwDgEVPV4Q8M.css | http://drupal-11.3.10.ddev.site/sites/default/files/css/css_92ot4r8VwzMCzBRreiG8ryjZuwyROzI88VVjL7S8YzY.css","http://drupal-git.ddev.site:8080/sites/default/files/css/css_uTbkhno8Nr3mFyIvvqWZqKZcoQ0leV2s4BJCc-KGi_8.css","","","","/html[1]/body[1]/div[2]/div[1]/div[5]/main[1]/div[4]/div[1]/form[1]/div[1]/div[1]/div[1]/div[1]/label[1]","<label for=""edit-title-0-value"" class=""form-item__label js-form-required form-required"">Title</label>","/html[1]/body[1]/div[4]/div[1]/div[2]/main[1]/div[4]/div[1]/form[1]/div[1]/div[1]/div[1]/div[1]/label[1]","<label for=""edit-title-0-value"" class=""form-item__label js-form-required form-required"">Title</label>","baseline/content-add-article__default__light__required-marker.png","candidate/content-add-article__default__light__required-marker.png"
"39","Admin Theme (dark + light) Content Add Article - Text Input style regression vs Drupal 11 Gin","Content Add Article","dark + light","Text Input","input[type=""text""], input.form-text","http://drupal-11.3.10.ddev.site/node/add/article","http://drupal-12-git.ddev.site:8080/node/add/article","light: lineHeight: -11.1% | count: -1 (-25.0%) | dark: lineHeight: -11.1% | count: -1 (-25.0%)","core/themes/default_admin/css/base/print.css | core/themes/default_admin/css/base/print.pcss.css","http://drupal-11.3.10.ddev.site/sites/default/files/css/css_rtEPgybPuUgHOMYL4KX4NieECYNBfDJMX1AzUyVr9Bk.css | http://drupal-11.3.10.ddev.site/sites/default/files/css/css_ZGpJgFPFWg1_JnyJ5I_6tVpDKXPX6oiJwDgEVPV4Q8M.css | http://drupal-11.3.10.ddev.site/sites/default/files/css/css_92ot4r8VwzMCzBRreiG8ryjZuwyROzI88VVjL7S8YzY.css","http://drupal-git.ddev.site:8080/sites/default/files/css/css_LPhhND5v_oznqKgrvBJp_Z6LHOkAKdPL9_Tg83kCvo8.css | http://drupal-git.ddev.site:8080/sites/default/files/css/css_uTbkhno8Nr3mFyIvvqWZqKZcoQ0leV2s4BJCc-KGi_8.css","","","","//*[@id=""edit-title-0-value""]","<input class=""js-text-full text-full form-text required form-element form-element--type-text form-element--api-textfield"" data-drupal-selector=""edit-title-0-value"" type=""text"" id=""edit-title-0-value"" name=""title[0][value]"" value="""" size=""60"" maxlength=""255"" placeholder="""" required=""required"" style="""">","//*[@id=""edit-title-0-value""]","<input class=""js-text-full text-full form-text required form-element form-element--type-text form-element--api-textfield"" data-drupal-selector=""edit-title-0-value"" type=""text"" id=""edit-title-0-value"" name=""title[0][value]"" value="""" size=""60"" maxlength=""255"" placeholder="""" required=""required"" style="""">","baseline/content-add-article__default__light__input-text.png","candidate/content-add-article__default__light__input-text.png"
"40","Admin Theme (dark + light) Content Add Article - Button style regression vs Drupal 11 Gin","Content Add Article","dark + light","Button","button, input[type=""submit""], .button","http://drupal-11.3.10.ddev.site/node/add/article","http://drupal-12-git.ddev.site:8080/node/add/article","light: lineHeight: -6.4% | paddingY: 23.1% | paddingX: 34.1% | width: 31.3% | height: 11.9% | dark: lineHeight: -6.4% | paddingY: 23.1% | paddingX: 34.1% | width: 31.3% | height: 11.9%","http://drupal-git.ddev.site:8080/sites/default/files/css/css_LPhhND5v_oznqKgrvBJp_Z6LHOkAKdPL9_Tg83kCvo8.css | http://drupal-git.ddev.site:8080/sites/default/files/css/css_uTbkhno8Nr3mFyIvvqWZqKZcoQ0leV2s4BJCc-KGi_8.css","http://drupal-11.3.10.ddev.site/sites/default/files/css/css_rtEPgybPuUgHOMYL4KX4NieECYNBfDJMX1AzUyVr9Bk.css | http://drupal-11.3.10.ddev.site/sites/default/files/css/css_ZGpJgFPFWg1_JnyJ5I_6tVpDKXPX6oiJwDgEVPV4Q8M.css","http://drupal-git.ddev.site:8080/sites/default/files/css/css_LPhhND5v_oznqKgrvBJp_Z6LHOkAKdPL9_Tg83kCvo8.css | http://drupal-git.ddev.site:8080/sites/default/files/css/css_uTbkhno8Nr3mFyIvvqWZqKZcoQ0leV2s4BJCc-KGi_8.css","high","button, input, optgroup, select, textarea","line-height: 17.1px; /* current ~16px */ | padding-block: 16.3px; /* current ~20px */ | padding-inline: 20.5px; /* current ~27.5px */ | min-height: 35.8px; /* current ~40px */","/html[1]/body[1]/aside[1]/nav[1]/div[2]/ul[1]/li[1]/button[1]","<button class=""toolbar-link toolbar-link--has-icon toolbar-link--create""> <span class=""toolbar-link__action"">Extend</span> <span class=""toolbar-link__label"">Create</span> </button>","/html[1]/body[1]/aside[1]/nav[1]/div[1]/div[2]/ul[1]/li[1]/button[1]","<button aria-expanded=""false"" aria-controls=""navigation-link--navigationcreate-1305022686"" data-toolbar-popover-control="""" data-has-safe-triangle="""" data-component-id=""navigation:toolbar-button"" data-index-text=""c"" data-icon-text=""Cr"" class=""toolbar-button toolbar-button--icon--navigation-create toolbar-button--expand--side toolbar-button--collapsible toolbar-popover__control"" data-once=""safe-triangle""> <svg width=""20"" height=""20"" viewBox=""0 0 24 24"" fill=""none"" class=""toolbar-button__icon"" aria-hidden=""true""> <path d=""M12 2.25C10.0716 2.25 8.18657 2.82183 6.58319 3.89317C4.97982 4.96452 3.73013 6.48726 2.99218 8.26884C2.25422 10.0504 2.06114 12.0108 2.43735 13.9021C2.81355 15.7934 3.74215 17.5307 5.10571 18.8943C6.46928 20.2579 8.20656 21.1865 10.0979 21.5627C11.9892 21.9389 13.9496 21.74","baseline/content-add-article__default__light__button.png","candidate/content-add-article__default__light__button.png"
"41","Admin Theme (dark + light) Content Add Article - Details Summary style regression vs Drupal 11 Gin","Content Add Article","dark + light","Details Summary","details > summary","http://drupal-11.3.10.ddev.site/node/add/article","http://drupal-12-git.ddev.site:8080/node/add/article","light: lineHeight: 5.9% | width: -12.5% | height: 11.9% | count: -3 (-50.0%) | dark: lineHeight: 5.9% | width: -12.5% | height: 11.9% | count: -3 (-50.0%)","core/themes/default_admin/css/components/details.css | core/themes/default_admin/css/components/details.pcss.css | core/themes/default_admin/css/components/tabs.css | core/themes/default_admin/css/components/tabs.pcss.css","http://drupal-11.3.10.ddev.site/sites/default/files/css/css_rtEPgybPuUgHOMYL4KX4NieECYNBfDJMX1AzUyVr9Bk.css | http://drupal-11.3.10.ddev.site/sites/default/files/css/css_ZGpJgFPFWg1_JnyJ5I_6tVpDKXPX6oiJwDgEVPV4Q8M.css | http://drupal-11.3.10.ddev.site/sites/default/files/css/css_92ot4r8VwzMCzBRreiG8ryjZuwyROzI88VVjL7S8YzY.css","http://drupal-git.ddev.site:8080/sites/default/files/css/css_LPhhND5v_oznqKgrvBJp_Z6LHOkAKdPL9_Tg83kCvo8.css | http://drupal-git.ddev.site:8080/sites/default/files/css/css_uTbkhno8Nr3mFyIvvqWZqKZcoQ0leV2s4BJCc-KGi_8.css","","","","/html[1]/body[1]/div[2]/div[1]/div[5]/main[1]/div[4]/div[1]/form[1]/div[1]/div[1]/div[3]/div[1]/details[1]/summary[1]","<summary role=""button"" aria-expanded=""true"" class=""claro-details__summary"">Image<span class=""required-mark""></span> <span class=""claro-details__summary-summary""></span></summary>","/html[1]/body[1]/div[4]/div[1]/div[2]/main[1]/div[4]/div[1]/form[1]/div[1]/div[2]/div[1]/div[1]/details[1]/summary[1]","<summary role=""button"" aria-controls=""edit-menu"" aria-expanded=""false"" class=""gin-details__summary gin-details__summary--accordion-item"">Menu settings<span class=""required-mark""></span> <span class=""gin-details__summary-summary"">Not in menu</span></summary>","baseline/content-add-article__default__light__details-summary.png","candidate/content-add-article__default__light__details-summary.png"
"42","Admin Theme (dark + light) Content Add Article - Form Label style regression vs Drupal 11 Gin","Content Add Article","dark + light","Form Label","label","http://drupal-11.3.10.ddev.site/node/add/article","http://drupal-12-git.ddev.site:8080/node/add/article","light: paddingX: 100.0% | width: 252.1% | dark: paddingX: 100.0% | width: 252.1%","core/themes/default_admin/css/components/form.css | core/themes/default_admin/css/components/form.pcss.css | core/themes/default_admin/css/components/tables.css | core/themes/default_admin/css/components/tables.pcss.css","http://drupal-11.3.10.ddev.site/sites/default/files/css/css_ZGpJgFPFWg1_JnyJ5I_6tVpDKXPX6oiJwDgEVPV4Q8M.css | http://drupal-11.3.10.ddev.site/sites/default/files/css/css_92ot4r8VwzMCzBRreiG8ryjZuwyROzI88VVjL7S8YzY.css","http://drupal-git.ddev.site:8080/sites/default/files/css/css_uTbkhno8Nr3mFyIvvqWZqKZcoQ0leV2s4BJCc-KGi_8.css","","","","/html[1]/body[1]/div[2]/div[1]/header[1]/div[1]/div[1]/div[2]/div[1]/div[1]/div[1]/label[1]","<label for=""edit-status-value"" class=""form-item__label option"">Published</label>","/html[1]/body[1]/div[4]/div[1]/div[2]/main[1]/div[4]/div[1]/form[1]/div[1]/div[1]/div[1]/div[1]/label[1]","<label for=""edit-title-0-value"" class=""form-item__label js-form-required form-required"">Title</label>","baseline/content-add-article__default__light__label.png","candidate/content-add-article__default__light__label.png"
"43","Admin Theme (dark + light) Content Add Article - Toolbar Structure Toggle Button style regression vs Drupal 11 Gin","Content Add Article","dark + light","Toolbar Structure Toggle Button","button.toolbar-link.toolbar-link--system-admin-structure","http://drupal-11.3.10.ddev.site/node/add/article","http://drupal-12-git.ddev.site:8080/node/add/article","light: fontSize: -100.0% | lineHeight: -100.0% | paddingY: -100.0% | paddingX: -100.0% | width: -100.0% | height: -100.0% | count: -1 (-100.0%) | dark: fontSize: -100.0% | lineHeight: -100.0% | paddingY: -100.0% | paddingX: -100.0% | width: -100.0% | height: -100.0% | count: -1 (-100.0%)","unknown","http://drupal-11.3.10.ddev.site/sites/default/files/css/css_rtEPgybPuUgHOMYL4KX4NieECYNBfDJMX1AzUyVr9Bk.css | http://drupal-11.3.10.ddev.site/sites/default/files/css/css_ZGpJgFPFWg1_JnyJ5I_6tVpDKXPX6oiJwDgEVPV4Q8M.css","","","","","/html[1]/body[1]/aside[1]/nav[1]/div[4]/ul[1]/li[1]/button[1]","<button class=""toolbar-link toolbar-link--has-icon toolbar-link--system-admin-structure""> <span class=""toolbar-link__action"">Extend</span> <span class=""toolbar-link__label"">Structure</span> </button>","","","baseline/content-add-article__default__light__toolbar-structure-toggle.png",""
"44","Admin Theme (dark + light) Structure Overview - Button style regression vs Drupal 11 Gin","Structure Overview","dark + light","Button","button, input[type=""submit""], .button","http://drupal-11.3.10.ddev.site/admin/structure","http://drupal-12-git.ddev.site:8080/admin/structure","light: paddingY: 11.1% | paddingX: 37.5% | count: +3 (60.0%) | dark: paddingY: 11.1% | paddingX: 37.5% | count: +3 (60.0%)","http://drupal-git.ddev.site:8080/sites/default/files/css/css_KLhKWkd-10fItBI0yB5zU1NVxtsUcnqp3mnSsic0sXw.css | http://drupal-git.ddev.site:8080/sites/default/files/css/css_K3Pg-LHuUFEv7TIJIA-i3Ryvra2mm7HR2eK_YVACwPA.css","http://drupal-11.3.10.ddev.site/sites/default/files/css/css_ZSWPcqw2uJ8TwO2JSDqVaNnG8j1lsv-5GNaHe27pT6c.css | http://drupal-11.3.10.ddev.site/sites/default/files/css/css_jCbHPfzUcPdgQs_29JjfWM9gg6XXE2s20hWDS4A23gk.css","http://drupal-git.ddev.site:8080/sites/default/files/css/css_KLhKWkd-10fItBI0yB5zU1NVxtsUcnqp3mnSsic0sXw.css | http://drupal-git.ddev.site:8080/sites/default/files/css/css_K3Pg-LHuUFEv7TIJIA-i3Ryvra2mm7HR2eK_YVACwPA.css","","","","/html[1]/body[1]/aside[1]/nav[1]/div[2]/ul[1]/li[1]/button[1]","<button class=""toolbar-link toolbar-link--has-icon toolbar-link--create""> <span class=""toolbar-link__action"">Extend</span> <span class=""toolbar-link__label"">Create</span> </button>","/html[1]/body[1]/aside[1]/nav[1]/div[1]/div[2]/ul[1]/li[1]/button[1]","<button aria-expanded=""false"" aria-controls=""navigation-link--navigationcreate-1305022686"" data-toolbar-popover-control="""" data-has-safe-triangle="""" data-component-id=""navigation:toolbar-button"" data-index-text=""c"" data-icon-text=""Cr"" class=""toolbar-button toolbar-button--icon--navigation-create toolbar-button--expand--side toolbar-button--collapsible toolbar-popover__control"" data-once=""safe-triangle""> <svg width=""20"" height=""20"" viewBox=""0 0 24 24"" fill=""none"" class=""toolbar-button__icon"" aria-hidden=""true""> <path d=""M12 2.25C10.0716 2.25 8.18657 2.82183 6.58319 3.89317C4.97982 4.96452 3.73013 6.48726 2.99218 8.26884C2.25422 10.0504 2.06114 12.0108 2.43735 13.9021C2.81355 15.7934 3.74215 17.5307 5.10571 18.8943C6.46928 20.2579 8.20656 21.1865 10.0979 21.5627C11.9892 21.9389 13.9496 21.74","baseline/structure-overview__default__light__button.png","candidate/structure-overview__default__light__button.png"
"45","Admin Theme (dark + light) Structure Overview - Toolbar Structure Toggle Button style regression vs Drupal 11 Gin","Structure Overview","dark + light","Toolbar Structure Toggle Button","button.toolbar-link.toolbar-link--system-admin-structure","http://drupal-11.3.10.ddev.site/admin/structure","http://drupal-12-git.ddev.site:8080/admin/structure","light: fontSize: -100.0% | lineHeight: -100.0% | paddingY: -100.0% | paddingX: -100.0% | width: -100.0% | height: -100.0% | count: -1 (-100.0%) | dark: fontSize: -100.0% | lineHeight: -100.0% | paddingY: -100.0% | paddingX: -100.0% | width: -100.0% | height: -100.0% | count: -1 (-100.0%)","unknown","http://drupal-11.3.10.ddev.site/sites/default/files/css/css_ZSWPcqw2uJ8TwO2JSDqVaNnG8j1lsv-5GNaHe27pT6c.css | http://drupal-11.3.10.ddev.site/sites/default/files/css/css_jCbHPfzUcPdgQs_29JjfWM9gg6XXE2s20hWDS4A23gk.css","","","","","/html[1]/body[1]/aside[1]/nav[1]/div[4]/ul[1]/li[1]/button[1]","<button class=""toolbar-link toolbar-link--has-icon toolbar-link--system-admin-structure""> <span class=""toolbar-link__action"">Extend</span> <span class=""toolbar-link__label"">Structure</span> </button>","","","baseline/structure-overview__default__light__toolbar-structure-toggle.png",""
"46","Admin Theme (dark + light) Structure Block Layout - Required Marker (*) style regression vs Drupal 11 Gin","Structure Block Layout","dark + light","Required Marker (*)","label.form-required, .form-required","http://drupal-11.3.10.ddev.site/admin/structure/block","http://drupal-12-git.ddev.site:8080/admin/structure/block","light: fontSize: -100.0% | lineHeight: -100.0% | width: -100.0% | height: -100.0% | count: -8 (-100.0%) | dark: fontSize: -100.0% | lineHeight: -100.0% | width: -100.0% | height: -100.0% | count: -8 (-100.0%)","core/themes/default_admin/css/components/form.css | core/themes/default_admin/css/components/form.pcss.css | core/themes/default_admin/css/components/tables.css | core/themes/default_admin/css/components/tables.pcss.css","http://drupal-11.3.10.ddev.site/sites/default/files/css/css__9z1nDGQrSitgesIKxxrF9yNo0xF5CX4GQfryfvi408.css | http://drupal-11.3.10.ddev.site/sites/default/files/css/css_rKcyi_oCqnmLA-eDmL8gx-9NvghxPwgRDOGYNnAEEak.css | http://drupal-11.3.10.ddev.site/sites/default/files/css/css_92ot4r8VwzMCzBRreiG8ryjZuwyROzI88VVjL7S8YzY.css","http://drupal-git.ddev.site:8080/sites/default/files/css/css_sI3bEWIp6mimNm2uhCgIp5ySxxrqJgLdZIHVZzUNPFU.css | http://drupal-git.ddev.site:8080/sites/default/files/css/css_SmEorym3UCGdaTpJg-JftpEuk3Z8NI0if_H2qH5C0O4.css","","","","/html[1]/body[1]/div[2]/div[5]/main[1]/div[4]/div[1]/form[1]/div[1]/div[2]/table[1]/tbody[1]/tr[3]/td[3]/div[1]/label[1]","<label for=""edit-blocks-olivero-site-branding-region"" class=""form-item__label visually-hidden js-form-required form-required"">Region for Site branding block</label>","","","baseline/structure-block-layout__default__light__required-marker.png",""
"47","Admin Theme (dark + light) Structure Block Layout - Button style regression vs Drupal 11 Gin","Structure Block Layout","dark + light","Button","button, input[type=""submit""], .button","http://drupal-11.3.10.ddev.site/admin/structure/block","http://drupal-12-git.ddev.site:8080/admin/structure/block","light: paddingY: 37.9% | paddingX: 37.5% | width: 28.0% | height: 15.1% | dark: paddingY: 37.9% | paddingX: 37.5% | width: 28.0% | height: 15.1%","http://drupal-git.ddev.site:8080/sites/default/files/css/css_sI3bEWIp6mimNm2uhCgIp5ySxxrqJgLdZIHVZzUNPFU.css | http://drupal-git.ddev.site:8080/sites/default/files/css/css_SmEorym3UCGdaTpJg-JftpEuk3Z8NI0if_H2qH5C0O4.css","http://drupal-11.3.10.ddev.site/sites/default/files/css/css__9z1nDGQrSitgesIKxxrF9yNo0xF5CX4GQfryfvi408.css | http://drupal-11.3.10.ddev.site/sites/default/files/css/css_rKcyi_oCqnmLA-eDmL8gx-9NvghxPwgRDOGYNnAEEak.css","http://drupal-git.ddev.site:8080/sites/default/files/css/css_sI3bEWIp6mimNm2uhCgIp5ySxxrqJgLdZIHVZzUNPFU.css | http://drupal-git.ddev.site:8080/sites/default/files/css/css_SmEorym3UCGdaTpJg-JftpEuk3Z8NI0if_H2qH5C0O4.css","medium","button, input, optgroup, select, textarea","padding-block: 14.5px; /* current ~20px */ | padding-inline: 20px; /* current ~27.5px */ | min-height: 34.8px; /* current ~40px */","/html[1]/body[1]/aside[1]/nav[1]/div[2]/ul[1]/li[1]/button[1]","<button class=""toolbar-link toolbar-link--has-icon toolbar-link--create""> <span class=""toolbar-link__action"">Extend</span> <span class=""toolbar-link__label"">Create</span> </button>","/html[1]/body[1]/aside[1]/nav[1]/div[1]/div[2]/ul[1]/li[1]/button[1]","<button aria-expanded=""false"" aria-controls=""navigation-link--navigationcreate-1305022686"" data-toolbar-popover-control="""" data-has-safe-triangle="""" data-component-id=""navigation:toolbar-button"" data-index-text=""c"" data-icon-text=""Cr"" class=""toolbar-button toolbar-button--icon--navigation-create toolbar-button--expand--side toolbar-button--collapsible toolbar-popover__control"" data-once=""safe-triangle""> <svg width=""20"" height=""20"" viewBox=""0 0 24 24"" fill=""none"" class=""toolbar-button__icon"" aria-hidden=""true""> <path d=""M12 2.25C10.0716 2.25 8.18657 2.82183 6.58319 3.89317C4.97982 4.96452 3.73013 6.48726 2.99218 8.26884C2.25422 10.0504 2.06114 12.0108 2.43735 13.9021C2.81355 15.7934 3.74215 17.5307 5.10571 18.8943C6.46928 20.2579 8.20656 21.1865 10.0979 21.5627C11.9892 21.9389 13.9496 21.74","baseline/structure-block-layout__default__light__button.png","candidate/structure-block-layout__default__light__button.png"
"48","Admin Theme (dark + light) Structure Block Layout - Form Item Wrapper style regression vs Drupal 11 Gin","Structure Block Layout","dark + light","Form Item Wrapper",".form-item","http://drupal-11.3.10.ddev.site/admin/structure/block","http://drupal-12-git.ddev.site:8080/admin/structure/block","light: height: 13.8% | dark: height: 13.8%","core/themes/default_admin/css/components/views-exposed-form.css | core/themes/default_admin/css/components/views-exposed-form.pcss.css | core/themes/default_admin/css/components/views-ui.css | core/themes/default_admin/css/components/views-ui.pcss.css","http://drupal-11.3.10.ddev.site/sites/default/files/css/css_rKcyi_oCqnmLA-eDmL8gx-9NvghxPwgRDOGYNnAEEak.css | http://drupal-11.3.10.ddev.site/sites/default/files/css/css_92ot4r8VwzMCzBRreiG8ryjZuwyROzI88VVjL7S8YzY.css","http://drupal-git.ddev.site:8080/sites/default/files/css/css_SmEorym3UCGdaTpJg-JftpEuk3Z8NI0if_H2qH5C0O4.css","","","","/html[1]/body[1]/div[2]/div[5]/main[1]/div[4]/div[1]/form[1]/div[1]/div[2]/table[1]/tbody[1]/tr[16]/td[3]/div[1]","<div class=""js-form-item form-item js-form-type-select form-type--select js-form-item-blocks-olivero-primary-admin-actions-region form-item--blocks-olivero-primary-admin-actions-region form-item--no-label""> <label for=""edit-blocks-olivero-primary-admin-actions-region"" class=""form-item__label visually-hidden js-form-required form-required"">Region for Primary admin actions block</label> <select class=""block-region-select block-region-highlighted form-select required form-element form-element--type-select form-element--extrasmall"" data-drupal-selector=""edit-blocks-olivero-primary-admin-actions-region"" id=""edit-blocks-olivero-primary-admin-actions-region"" name=""blocks[olivero_primary_admin_actions][region]"" required=""required"" data-once=""block-region-select""> <option value=""header"">Header</opt","/html[1]/body[1]/div[4]/div[2]/main[1]/div[4]/div[1]/form[1]/div[1]/div[2]/table[1]/tbody[1]/tr[3]/td[3]/div[1]","<div class=""js-form-item form-item js-form-type-select form-type--select js-form-item-blocks-olivero-site-branding-region form-item--blocks-olivero-site-branding-region form-item--no-label""> <label for=""edit-blocks-olivero-site-branding-region"" class=""form-item__label visually-hidden js-form-required form-required"">Region for Site branding block</label> <select class=""block-region-select block-region-header form-select required form-element form-element--type-select form-element--extrasmall"" data-drupal-selector=""edit-blocks-olivero-site-branding-region"" id=""edit-blocks-olivero-site-branding-region"" name=""blocks[olivero_site_branding][region]"" required=""required"" data-once=""block-region-select""> <option value=""header"" selected=""selected"">Header</option> <option value=""primary_menu"">Primary","baseline/structure-block-layout__default__light__form-item.png","candidate/structure-block-layout__default__light__form-item.png"
"49","Admin Theme (dark + light) Structure Block Layout - Table Header Cell style regression vs Drupal 11 Gin","Structure Block Layout","dark + light","Table Header Cell","table thead th","http://drupal-11.3.10.ddev.site/admin/structure/block","http://drupal-12-git.ddev.site:8080/admin/structure/block","light: height: 13.2% | dark: height: 13.2%","core/themes/default_admin/css/components/tables.css | core/themes/default_admin/css/components/tables.pcss.css","http://drupal-11.3.10.ddev.site/sites/default/files/css/css_rKcyi_oCqnmLA-eDmL8gx-9NvghxPwgRDOGYNnAEEak.css | http://drupal-11.3.10.ddev.site/sites/default/files/css/css_92ot4r8VwzMCzBRreiG8ryjZuwyROzI88VVjL7S8YzY.css","http://drupal-git.ddev.site:8080/sites/default/files/css/css_SmEorym3UCGdaTpJg-JftpEuk3Z8NI0if_H2qH5C0O4.css","","","","/html[1]/body[1]/div[2]/div[5]/main[1]/div[4]/div[1]/form[1]/div[1]/div[2]/table[1]/thead[1]/tr[1]/th[1]","<th class=""th__block"">Block </th>","/html[1]/body[1]/div[4]/div[2]/main[1]/div[4]/div[1]/form[1]/div[1]/div[2]/table[1]/thead[1]/tr[1]/th[1]","<th class=""th__block"">Block </th>","baseline/structure-block-layout__default__light__table-header.png","candidate/structure-block-layout__default__light__table-header.png"
"50","Admin Theme (dark + light) Structure Block Layout - Form Label style regression vs Drupal 11 Gin","Structure Block Layout","dark + light","Form Label","label","http://drupal-11.3.10.ddev.site/admin/structure/block","http://drupal-12-git.ddev.site:8080/admin/structure/block","light: fontSize: -100.0% | lineHeight: -100.0% | width: -100.0% | height: -100.0% | count: -8 (-100.0%) | dark: fontSize: -100.0% | lineHeight: -100.0% | width: -100.0% | height: -100.0% | count: -8 (-100.0%)","core/themes/default_admin/css/components/form.css | core/themes/default_admin/css/components/form.pcss.css | core/themes/default_admin/css/components/tables.css | core/themes/default_admin/css/components/tables.pcss.css","http://drupal-11.3.10.ddev.site/sites/default/files/css/css__9z1nDGQrSitgesIKxxrF9yNo0xF5CX4GQfryfvi408.css | http://drupal-11.3.10.ddev.site/sites/default/files/css/css_rKcyi_oCqnmLA-eDmL8gx-9NvghxPwgRDOGYNnAEEak.css | http://drupal-11.3.10.ddev.site/sites/default/files/css/css_92ot4r8VwzMCzBRreiG8ryjZuwyROzI88VVjL7S8YzY.css","http://drupal-git.ddev.site:8080/sites/default/files/css/css_sI3bEWIp6mimNm2uhCgIp5ySxxrqJgLdZIHVZzUNPFU.css | http://drupal-git.ddev.site:8080/sites/default/files/css/css_SmEorym3UCGdaTpJg-JftpEuk3Z8NI0if_H2qH5C0O4.css","","","","/html[1]/body[1]/div[2]/div[5]/main[1]/div[4]/div[1]/form[1]/div[1]/div[2]/table[1]/tbody[1]/tr[3]/td[3]/div[1]/label[1]","<label for=""edit-blocks-olivero-site-branding-region"" class=""form-item__label visually-hidden js-form-required form-required"">Region for Site branding block</label>","","","baseline/structure-block-layout__default__light__label.png",""
"51","Admin Theme (dark + light) Structure Block Layout - Dropbutton Primary Action Link style regression vs Drupal 11 Gin","Structure Block Layout","dark + light","Dropbutton Primary Action Link",".dropbutton-wrapper .dropbutton__item.dropbutton-action > a","http://drupal-11.3.10.ddev.site/admin/structure/block","http://drupal-12-git.ddev.site:8080/admin/structure/block","light: fontSize: 5.8% | paddingY: 41.3% | paddingX: -15.0% | height: 14.1% | dark: fontSize: 5.8% | paddingY: 41.3% | paddingX: -15.0% | height: 14.1%","core/themes/default_admin/css/base/elements.css | core/themes/default_admin/css/base/elements.pcss.css | core/themes/default_admin/css/components/dropbutton.css | core/themes/default_admin/css/components/dropbutton.pcss.css | core/themes/default_admin/css/base/print.css | core/themes/default_admin/css/base/print.pcss.css","http://drupal-11.3.10.ddev.site/sites/default/files/css/css__9z1nDGQrSitgesIKxxrF9yNo0xF5CX4GQfryfvi408.css | http://drupal-11.3.10.ddev.site/sites/default/files/css/css_rKcyi_oCqnmLA-eDmL8gx-9NvghxPwgRDOGYNnAEEak.css | http://drupal-11.3.10.ddev.site/sites/default/files/css/css_92ot4r8VwzMCzBRreiG8ryjZuwyROzI88VVjL7S8YzY.css","http://drupal-git.ddev.site:8080/sites/default/files/css/css_sI3bEWIp6mimNm2uhCgIp5ySxxrqJgLdZIHVZzUNPFU.css | http://drupal-git.ddev.site:8080/sites/default/files/css/css_SmEorym3UCGdaTpJg-JftpEuk3Z8NI0if_H2qH5C0O4.css","high","a","font-size: 12.6px; /* current ~13.4px */ | padding-block: 10px; /* current ~14.1px */ | padding-inline: 30px; /* current ~25.5px */ | min-height: 24px; /* current ~27.4px */","/html[1]/body[1]/div[2]/div[5]/main[1]/div[4]/div[1]/form[1]/div[1]/div[2]/table[1]/tbody[1]/tr[3]/td[5]/div[1]/div[1]/ul[1]/li[1]/a[1]","<a href=""/admin/structure/block/manage/olivero_site_branding?destination=/admin/structure/block"" aria-label=""Edit Site branding"">Configure</a>","/html[1]/body[1]/div[4]/div[2]/main[1]/div[4]/div[1]/form[1]/div[1]/div[2]/table[1]/tbody[1]/tr[3]/td[5]/div[1]/div[1]/ul[1]/li[1]/a[1]","<a href=""/admin/structure/block/manage/olivero_site_branding?destination=/admin/structure/block"" aria-label=""Edit Site branding"">Configure</a>","baseline/structure-block-layout__default__light__dropbutton-primary-action.png","candidate/structure-block-layout__default__light__dropbutton-primary-action.png"
"52","Admin Theme (dark + light) Structure Block Layout - Dropbutton Toggle Button style regression vs Drupal 11 Gin","Structure Block Layout","dark + light","Dropbutton Toggle Button",".dropbutton-wrapper .dropbutton__toggle, .dropbutton-toggle button.dropbutton__toggle","http://drupal-11.3.10.ddev.site/admin/structure/block","http://drupal-12-git.ddev.site:8080/admin/structure/block","light: fontSize: -12.5% | dark: fontSize: -12.5%","core/themes/default_admin/css/components/dropbutton.css | core/themes/default_admin/css/components/dropbutton.pcss.css","http://drupal-11.3.10.ddev.site/sites/default/files/css/css__9z1nDGQrSitgesIKxxrF9yNo0xF5CX4GQfryfvi408.css | http://drupal-11.3.10.ddev.site/sites/default/files/css/css_rKcyi_oCqnmLA-eDmL8gx-9NvghxPwgRDOGYNnAEEak.css | http://drupal-11.3.10.ddev.site/sites/default/files/css/css_92ot4r8VwzMCzBRreiG8ryjZuwyROzI88VVjL7S8YzY.css","http://drupal-git.ddev.site:8080/sites/default/files/css/css_sI3bEWIp6mimNm2uhCgIp5ySxxrqJgLdZIHVZzUNPFU.css | http://drupal-git.ddev.site:8080/sites/default/files/css/css_SmEorym3UCGdaTpJg-JftpEuk3Z8NI0if_H2qH5C0O4.css","","","","/html[1]/body[1]/div[2]/div[5]/main[1]/div[4]/div[1]/form[1]/div[1]/div[2]/table[1]/tbody[1]/tr[3]/td[5]/div[1]/div[1]/ul[1]/li[2]/button[1]","<button type=""button"" class=""dropbutton__toggle""><span class=""visually-hidden"">List additional actions</span></button>","/html[1]/body[1]/div[4]/div[2]/main[1]/div[4]/div[1]/form[1]/div[1]/div[2]/table[1]/tbody[1]/tr[3]/td[5]/div[1]/div[1]/ul[1]/li[2]/button[1]","<button type=""button"" class=""dropbutton__toggle""><span class=""visually-hidden"">List additional actions</span></button>","",""
"53","Admin Theme (dark + light) Structure Block Layout - Dropbutton Secondary Actions List style regression vs Drupal 11 Gin","Structure Block Layout","dark + light","Dropbutton Secondary Actions List",".dropbutton-wrapper .dropbutton__items","http://drupal-11.3.10.ddev.site/admin/structure/block","http://drupal-12-git.ddev.site:8080/admin/structure/block","light: fontSize: 100.0% | lineHeight: 100.0% | paddingY: 100.0% | paddingX: 100.0% | width: 100.0% | height: 100.0% | count: +1 (100.0%) | dark: fontSize: 100.0% | lineHeight: 100.0% | paddingY: 100.0% | paddingX: 100.0% | width: 100.0% | height: 100.0% | count: +1 (100.0%)","http://drupal-git.ddev.site:8080/sites/default/files/css/css_SmEorym3UCGdaTpJg-JftpEuk3Z8NI0if_H2qH5C0O4.css","http://drupal-11.3.10.ddev.site/sites/default/files/css/css_rKcyi_oCqnmLA-eDmL8gx-9NvghxPwgRDOGYNnAEEak.css | http://drupal-11.3.10.ddev.site/sites/default/files/css/css_92ot4r8VwzMCzBRreiG8ryjZuwyROzI88VVjL7S8YzY.css","http://drupal-git.ddev.site:8080/sites/default/files/css/css_SmEorym3UCGdaTpJg-JftpEuk3Z8NI0if_H2qH5C0O4.css","","","","","","/html[1]/body[1]/div[4]/div[2]/main[1]/div[4]/div[1]/form[1]/div[1]/div[2]/table[1]/tbody[1]/tr[9]/td[5]/div[1]/div[1]/ul[1]/li[3]/ul[1]","<ul class=""dropbutton__items"" style=""position: fixed; left: 1088.73px; right: auto; top: 772.203px;""> <li class=""disable dropbutton__item dropbutton-action secondary-action""><a href=""/admin/structure/block/manage/olivero_account_menu/disable?destination=/admin/structure/block&amp;token=OyBKVySVQd6vRk3pGBrzNjKaZAkGpalkBPupJa5OkOA"">Disable</a></li> <li class=""menu-edit dropbutton__item dropbutton-action secondary-action""><a href=""/admin/structure/menu/manage/account"">Edit menu</a></li> <li class=""delete dropbutton__item dropbutton-action secondary-action""><a href=""/admin/structure/block/manage/olivero_account_menu/delete?destination=/admin/structure/block"" aria-label=""Delete User account menu"" class=""use-ajax"" data-dialog-type=""modal"" data-dialog-options=""{&quot;width&quot;:880}"" data-once=""","","candidate/structure-block-layout__default__light__dropbutton-secondary-list.png"
"54","Admin Theme (dark + light) Structure Block Layout - Dropbutton Secondary Action Link style regression vs Drupal 11 Gin","Structure Block Layout","dark + light","Dropbutton Secondary Action Link",".dropbutton-wrapper .dropbutton__items .dropbutton__item a","http://drupal-11.3.10.ddev.site/admin/structure/block","http://drupal-12-git.ddev.site:8080/admin/structure/block","light: fontSize: 100.0% | lineHeight: 100.0% | paddingY: 100.0% | paddingX: 100.0% | width: 100.0% | height: 100.0% | count: +3 (100.0%) | dark: fontSize: 100.0% | lineHeight: 100.0% | paddingY: 100.0% | paddingX: 100.0% | width: 100.0% | height: 100.0% | count: +3 (100.0%)","core/themes/default_admin/css/base/elements.css | core/themes/default_admin/css/base/elements.pcss.css | core/themes/default_admin/css/base/print.css | core/themes/default_admin/css/base/print.pcss.css","http://drupal-11.3.10.ddev.site/sites/default/files/css/css__9z1nDGQrSitgesIKxxrF9yNo0xF5CX4GQfryfvi408.css | http://drupal-11.3.10.ddev.site/sites/default/files/css/css_rKcyi_oCqnmLA-eDmL8gx-9NvghxPwgRDOGYNnAEEak.css | http://drupal-11.3.10.ddev.site/sites/default/files/css/css_92ot4r8VwzMCzBRreiG8ryjZuwyROzI88VVjL7S8YzY.css","http://drupal-git.ddev.site:8080/sites/default/files/css/css_sI3bEWIp6mimNm2uhCgIp5ySxxrqJgLdZIHVZzUNPFU.css | http://drupal-git.ddev.site:8080/sites/default/files/css/css_SmEorym3UCGdaTpJg-JftpEuk3Z8NI0if_H2qH5C0O4.css","","","","","","/html[1]/body[1]/div[4]/div[2]/main[1]/div[4]/div[1]/form[1]/div[1]/div[2]/table[1]/tbody[1]/tr[9]/td[5]/div[1]/div[1]/ul[1]/li[3]/ul[1]/li[1]/a[1]","<a href=""/admin/structure/block/manage/olivero_account_menu/disable?destination=/admin/structure/block&amp;token=OyBKVySVQd6vRk3pGBrzNjKaZAkGpalkBPupJa5OkOA"">Disable</a>","","candidate/structure-block-layout__default__light__dropbutton-secondary-action.png"
"55","Admin Theme (dark + light) Structure Block Layout - Toolbar Structure Toggle Button style regression vs Drupal 11 Gin","Structure Block Layout","dark + light","Toolbar Structure Toggle Button","button.toolbar-link.toolbar-link--system-admin-structure","http://drupal-11.3.10.ddev.site/admin/structure/block","http://drupal-12-git.ddev.site:8080/admin/structure/block","light: fontSize: -100.0% | lineHeight: -100.0% | paddingY: -100.0% | paddingX: -100.0% | width: -100.0% | height: -100.0% | count: -1 (-100.0%) | dark: fontSize: -100.0% | lineHeight: -100.0% | paddingY: -100.0% | paddingX: -100.0% | width: -100.0% | height: -100.0% | count: -1 (-100.0%)","unknown","http://drupal-11.3.10.ddev.site/sites/default/files/css/css__9z1nDGQrSitgesIKxxrF9yNo0xF5CX4GQfryfvi408.css | http://drupal-11.3.10.ddev.site/sites/default/files/css/css_rKcyi_oCqnmLA-eDmL8gx-9NvghxPwgRDOGYNnAEEak.css","","","","","/html[1]/body[1]/aside[1]/nav[1]/div[4]/ul[1]/li[1]/button[1]","<button class=""toolbar-link toolbar-link--has-icon toolbar-link--system-admin-structure""> <span class=""toolbar-link__action"">Extend</span> <span class=""toolbar-link__label"">Structure</span> </button>","","","baseline/structure-block-layout__default__light__toolbar-structure-toggle.png",""
"56","Admin Theme (dark + light) Structure Content Types - Button style regression vs Drupal 11 Gin","Structure Content Types","dark + light","Button","button, input[type=""submit""], .button","http://drupal-11.3.10.ddev.site/admin/structure/types","http://drupal-12-git.ddev.site:8080/admin/structure/types","light: lineHeight: -5.9% | paddingY: 40.4% | paddingX: 41.0% | width: 28.2% | height: 15.1% | dark: lineHeight: -5.9% | paddingY: 40.4% | paddingX: 41.0% | width: 28.2% | height: 15.1%","http://drupal-git.ddev.site:8080/sites/default/files/css/css_SFzWad-OcQFszXrSs-4RuPgtLO8pLHTFFRrHqGeMGXU.css | http://drupal-git.ddev.site:8080/sites/default/files/css/css_TwkthHK5fMOLDBR92pYhSmHj4w5qy3QrqmDOnh7ZvMU.css","http://drupal-11.3.10.ddev.site/sites/default/files/css/css_Ji_ga5AK23Vpj4PsiOndE4LI-G_JA3DXVG2nn8fUpzQ.css | http://drupal-11.3.10.ddev.site/sites/default/files/css/css_jCbHPfzUcPdgQs_29JjfWM9gg6XXE2s20hWDS4A23gk.css","http://drupal-git.ddev.site:8080/sites/default/files/css/css_SFzWad-OcQFszXrSs-4RuPgtLO8pLHTFFRrHqGeMGXU.css | http://drupal-git.ddev.site:8080/sites/default/files/css/css_TwkthHK5fMOLDBR92pYhSmHj4w5qy3QrqmDOnh7ZvMU.css","high","button, input, optgroup, select, textarea","line-height: 17px; /* current ~16px */ | padding-block: 14.3px; /* current ~20px */ | padding-inline: 19.5px; /* current ~27.5px */ | min-height: 34.8px; /* current ~40px */","/html[1]/body[1]/aside[1]/nav[1]/div[2]/ul[1]/li[1]/button[1]","<button class=""toolbar-link toolbar-link--has-icon toolbar-link--create""> <span class=""toolbar-link__action"">Extend</span> <span class=""toolbar-link__label"">Create</span> </button>","/html[1]/body[1]/aside[1]/nav[1]/div[1]/div[2]/ul[1]/li[1]/button[1]","<button aria-expanded=""false"" aria-controls=""navigation-link--navigationcreate-1305022686"" data-toolbar-popover-control="""" data-has-safe-triangle="""" data-component-id=""navigation:toolbar-button"" data-index-text=""c"" data-icon-text=""Cr"" class=""toolbar-button toolbar-button--icon--navigation-create toolbar-button--expand--side toolbar-button--collapsible toolbar-popover__control"" data-once=""safe-triangle""> <svg width=""20"" height=""20"" viewBox=""0 0 24 24"" fill=""none"" class=""toolbar-button__icon"" aria-hidden=""true""> <path d=""M12 2.25C10.0716 2.25 8.18657 2.82183 6.58319 3.89317C4.97982 4.96452 3.73013 6.48726 2.99218 8.26884C2.25422 10.0504 2.06114 12.0108 2.43735 13.9021C2.81355 15.7934 3.74215 17.5307 5.10571 18.8943C6.46928 20.2579 8.20656 21.1865 10.0979 21.5627C11.9892 21.9389 13.9496 21.74","baseline/structure-content-types__default__light__button.png","candidate/structure-content-types__default__light__button.png"
"57","Admin Theme (dark + light) Structure Content Types - Dropbutton Primary Action Link style regression vs Drupal 11 Gin","Structure Content Types","dark + light","Dropbutton Primary Action Link",".dropbutton-wrapper .dropbutton__item.dropbutton-action > a","http://drupal-11.3.10.ddev.site/admin/structure/types","http://drupal-12-git.ddev.site:8080/admin/structure/types","light: paddingY: -44.0% | paddingX: -16.0% | width: -35.2% | height: -21.1% | count: -5 (-71.4%) | dark: paddingY: -44.0% | paddingX: -16.0% | width: -35.2% | height: -21.1% | count: -5 (-71.4%)","core/themes/default_admin/css/base/elements.css | core/themes/default_admin/css/base/elements.pcss.css | core/themes/default_admin/css/components/dropbutton.css | core/themes/default_admin/css/components/dropbutton.pcss.css | core/themes/default_admin/css/base/print.css | core/themes/default_admin/css/base/print.pcss.css","http://drupal-11.3.10.ddev.site/sites/default/files/css/css_Ji_ga5AK23Vpj4PsiOndE4LI-G_JA3DXVG2nn8fUpzQ.css | http://drupal-11.3.10.ddev.site/sites/default/files/css/css_jCbHPfzUcPdgQs_29JjfWM9gg6XXE2s20hWDS4A23gk.css | http://drupal-11.3.10.ddev.site/sites/default/files/css/css_92ot4r8VwzMCzBRreiG8ryjZuwyROzI88VVjL7S8YzY.css","http://drupal-git.ddev.site:8080/sites/default/files/css/css_SFzWad-OcQFszXrSs-4RuPgtLO8pLHTFFRrHqGeMGXU.css | http://drupal-git.ddev.site:8080/sites/default/files/css/css_TwkthHK5fMOLDBR92pYhSmHj4w5qy3QrqmDOnh7ZvMU.css","","","","/html[1]/body[1]/div[2]/div[5]/main[1]/div[4]/div[1]/div[1]/div[1]/table[1]/tbody[1]/tr[1]/td[3]/div[1]/div[1]/ul[1]/li[1]/a[1]","<a href=""/admin/structure/types/manage/article/fields"">Manage fields</a>","/html[1]/body[1]/div[4]/div[2]/main[1]/div[4]/div[1]/div[1]/div[1]/table[1]/tbody[1]/tr[1]/td[3]/div[1]/div[1]/ul[1]/li[1]/a[1]","<a href=""/admin/structure/types/manage/article/fields"">Manage fields</a>","baseline/structure-content-types__default__light__dropbutton-primary-action.png","candidate/structure-content-types__default__light__dropbutton-primary-action.png"
"58","Admin Theme (dark + light) Structure Content Types - Dropbutton Toggle Button style regression vs Drupal 11 Gin","Structure Content Types","dark + light","Dropbutton Toggle Button",".dropbutton-wrapper .dropbutton__toggle, .dropbutton-toggle button.dropbutton__toggle","http://drupal-11.3.10.ddev.site/admin/structure/types","http://drupal-12-git.ddev.site:8080/admin/structure/types","light: fontSize: -12.5% | dark: fontSize: -12.5%","core/themes/default_admin/css/components/dropbutton.css | core/themes/default_admin/css/components/dropbutton.pcss.css","http://drupal-11.3.10.ddev.site/sites/default/files/css/css_Ji_ga5AK23Vpj4PsiOndE4LI-G_JA3DXVG2nn8fUpzQ.css | http://drupal-11.3.10.ddev.site/sites/default/files/css/css_jCbHPfzUcPdgQs_29JjfWM9gg6XXE2s20hWDS4A23gk.css | http://drupal-11.3.10.ddev.site/sites/default/files/css/css_92ot4r8VwzMCzBRreiG8ryjZuwyROzI88VVjL7S8YzY.css","http://drupal-git.ddev.site:8080/sites/default/files/css/css_SFzWad-OcQFszXrSs-4RuPgtLO8pLHTFFRrHqGeMGXU.css | http://drupal-git.ddev.site:8080/sites/default/files/css/css_TwkthHK5fMOLDBR92pYhSmHj4w5qy3QrqmDOnh7ZvMU.css","","","","/html[1]/body[1]/div[2]/div[5]/main[1]/div[4]/div[1]/div[1]/div[1]/table[1]/tbody[1]/tr[1]/td[3]/div[1]/div[1]/ul[1]/li[2]/button[1]","<button type=""button"" class=""dropbutton__toggle""><span class=""visually-hidden"">List additional actions</span></button>","/html[1]/body[1]/div[4]/div[2]/main[1]/div[4]/div[1]/div[1]/div[1]/table[1]/tbody[1]/tr[1]/td[3]/div[1]/div[1]/ul[1]/li[2]/button[1]","<button type=""button"" class=""dropbutton__toggle""><span class=""visually-hidden"">List additional actions</span></button>","",""
"59","Admin Theme (dark + light) Structure Content Types - Dropbutton Secondary Actions List style regression vs Drupal 11 Gin","Structure Content Types","dark + light","Dropbutton Secondary Actions List",".dropbutton-wrapper .dropbutton__items","http://drupal-11.3.10.ddev.site/admin/structure/types","http://drupal-12-git.ddev.site:8080/admin/structure/types","light: fontSize: -100.0% | lineHeight: -100.0% | paddingY: -100.0% | paddingX: -100.0% | width: -100.0% | height: -100.0% | count: -1 (-100.0%) | dark: fontSize: -100.0% | lineHeight: -100.0% | paddingY: -100.0% | paddingX: -100.0% | width: -100.0% | height: -100.0% | count: -1 (-100.0%)","http://drupal-git.ddev.site:8080/sites/default/files/css/css_TwkthHK5fMOLDBR92pYhSmHj4w5qy3QrqmDOnh7ZvMU.css","http://drupal-11.3.10.ddev.site/sites/default/files/css/css_jCbHPfzUcPdgQs_29JjfWM9gg6XXE2s20hWDS4A23gk.css | http://drupal-11.3.10.ddev.site/sites/default/files/css/css_92ot4r8VwzMCzBRreiG8ryjZuwyROzI88VVjL7S8YzY.css","http://drupal-git.ddev.site:8080/sites/default/files/css/css_TwkthHK5fMOLDBR92pYhSmHj4w5qy3QrqmDOnh7ZvMU.css","","","","/html[1]/body[1]/div[2]/div[5]/main[1]/div[4]/div[1]/div[1]/div[1]/table[1]/tbody[1]/tr[1]/td[3]/div[1]/div[1]/ul[1]/li[3]/ul[1]","<ul class=""dropbutton__items"" style=""position: absolute; overflow-y: auto; top: 100%; bottom: auto; max-height: 736px;""> <li class=""manage-form-display dropbutton__item dropbutton-action secondary-action""><a href=""/admin/structure/types/manage/article/form-display"">Manage form display</a></li> <li class=""manage-display dropbutton__item dropbutton-action secondary-action""><a href=""/admin/structure/types/manage/article/display"">Manage display</a></li> <li class=""edit dropbutton__item dropbutton-action secondary-action""><a href=""/admin/structure/types/manage/article?destination=/admin/structure/types"" aria-label=""Edit Article"">Edit</a></li> <li class=""manage-permissions dropbutton__item dropbutton-action secondary-action""><a href=""/admin/structure/types/manage/article/permissions"">Manage perm","","","baseline/structure-content-types__default__light__dropbutton-secondary-list.png",""
"60","Admin Theme (dark + light) Structure Content Types - Dropbutton Secondary Action Link style regression vs Drupal 11 Gin","Structure Content Types","dark + light","Dropbutton Secondary Action Link",".dropbutton-wrapper .dropbutton__items .dropbutton__item a","http://drupal-11.3.10.ddev.site/admin/structure/types","http://drupal-12-git.ddev.site:8080/admin/structure/types","light: fontSize: -100.0% | lineHeight: -100.0% | paddingY: -100.0% | paddingX: -100.0% | width: -100.0% | height: -100.0% | count: -5 (-100.0%) | dark: fontSize: -100.0% | lineHeight: -100.0% | paddingY: -100.0% | paddingX: -100.0% | width: -100.0% | height: -100.0% | count: -5 (-100.0%)","core/themes/default_admin/css/base/elements.css | core/themes/default_admin/css/base/elements.pcss.css | core/themes/default_admin/css/base/print.css | core/themes/default_admin/css/base/print.pcss.css","http://drupal-11.3.10.ddev.site/sites/default/files/css/css_Ji_ga5AK23Vpj4PsiOndE4LI-G_JA3DXVG2nn8fUpzQ.css | http://drupal-11.3.10.ddev.site/sites/default/files/css/css_jCbHPfzUcPdgQs_29JjfWM9gg6XXE2s20hWDS4A23gk.css | http://drupal-11.3.10.ddev.site/sites/default/files/css/css_92ot4r8VwzMCzBRreiG8ryjZuwyROzI88VVjL7S8YzY.css","http://drupal-git.ddev.site:8080/sites/default/files/css/css_SFzWad-OcQFszXrSs-4RuPgtLO8pLHTFFRrHqGeMGXU.css | http://drupal-git.ddev.site:8080/sites/default/files/css/css_TwkthHK5fMOLDBR92pYhSmHj4w5qy3QrqmDOnh7ZvMU.css","","","","/html[1]/body[1]/div[2]/div[5]/main[1]/div[4]/div[1]/div[1]/div[1]/table[1]/tbody[1]/tr[1]/td[3]/div[1]/div[1]/ul[1]/li[3]/ul[1]/li[1]/a[1]","<a href=""/admin/structure/types/manage/article/form-display"">Manage form display</a>","","","baseline/structure-content-types__default__light__dropbutton-secondary-action.png",""
"61","Admin Theme (dark + light) Structure Content Types - Toolbar Structure Toggle Button style regression vs Drupal 11 Gin","Structure Content Types","dark + light","Toolbar Structure Toggle Button","button.toolbar-link.toolbar-link--system-admin-structure","http://drupal-11.3.10.ddev.site/admin/structure/types","http://drupal-12-git.ddev.site:8080/admin/structure/types","light: fontSize: -100.0% | lineHeight: -100.0% | paddingY: -100.0% | paddingX: -100.0% | width: -100.0% | height: -100.0% | count: -1 (-100.0%) | dark: fontSize: -100.0% | lineHeight: -100.0% | paddingY: -100.0% | paddingX: -100.0% | width: -100.0% | height: -100.0% | count: -1 (-100.0%)","unknown","http://drupal-11.3.10.ddev.site/sites/default/files/css/css_Ji_ga5AK23Vpj4PsiOndE4LI-G_JA3DXVG2nn8fUpzQ.css | http://drupal-11.3.10.ddev.site/sites/default/files/css/css_jCbHPfzUcPdgQs_29JjfWM9gg6XXE2s20hWDS4A23gk.css","","","","","/html[1]/body[1]/aside[1]/nav[1]/div[4]/ul[1]/li[1]/button[1]","<button class=""toolbar-link toolbar-link--has-icon toolbar-link--system-admin-structure""> <span class=""toolbar-link__action"">Extend</span> <span class=""toolbar-link__label"">Structure</span> </button>","","","baseline/structure-content-types__default__light__toolbar-structure-toggle.png",""
"62","Admin Theme (dark + light) Structure Content Type Article - Required Marker (*) style regression vs Drupal 11 Gin","Structure Content Type Article","dark + light","Required Marker (*)","label.form-required, .form-required","http://drupal-11.3.10.ddev.site/admin/structure/types/manage/article","http://drupal-12-git.ddev.site:8080/admin/structure/types/manage/article","light: width: 1088.2% | dark: width: 1088.0%","core/themes/default_admin/css/components/form.css | core/themes/default_admin/css/components/form.pcss.css | core/themes/default_admin/css/components/tables.css | core/themes/default_admin/css/components/tables.pcss.css","http://drupal-11.3.10.ddev.site/sites/default/files/css/css_Ufw6Rcbefnoua1CFacwYabjEX2CRqDnqHicEhPuXaX4.css | http://drupal-11.3.10.ddev.site/sites/default/files/css/css_92ot4r8VwzMCzBRreiG8ryjZuwyROzI88VVjL7S8YzY.css","http://drupal-git.ddev.site:8080/sites/default/files/css/css_j3pohmfn-A9Z1xJM6L40NPTKkSDSQXztO5AeIWT4_48.css","","","","/html[1]/body[1]/div[2]/div[5]/main[1]/div[4]/div[1]/form[1]/div[1]/label[1]","<label for=""edit-name"" class=""form-item__label js-form-required form-required"">Name</label>","/html[1]/body[1]/div[4]/div[2]/main[1]/div[4]/div[1]/form[1]/div[1]/label[1]","<label for=""edit-name"" class=""form-item__label js-form-required form-required"">Name</label>","baseline/structure-content-type-article__default__light__required-marker.png","candidate/structure-content-type-article__default__light__required-marker.png"
"63","Admin Theme (dark + light) Structure Content Type Article - Textarea style regression vs Drupal 11 Gin","Structure Content Type Article","dark + light","Textarea","textarea","http://drupal-11.3.10.ddev.site/admin/structure/types/manage/article","http://drupal-12-git.ddev.site:8080/admin/structure/types/manage/article","light: width: -25.6% | dark: width: -25.6%","core/themes/default_admin/css/base/print.css | core/themes/default_admin/css/base/print.pcss.css","http://drupal-11.3.10.ddev.site/sites/default/files/css/css_byVZPUbRHzjXKT30Xe8A4mqdy9w2ort3C6cBmq59FPg.css | http://drupal-11.3.10.ddev.site/sites/default/files/css/css_Ufw6Rcbefnoua1CFacwYabjEX2CRqDnqHicEhPuXaX4.css | http://drupal-11.3.10.ddev.site/sites/default/files/css/css_92ot4r8VwzMCzBRreiG8ryjZuwyROzI88VVjL7S8YzY.css","http://drupal-git.ddev.site:8080/sites/default/files/css/css_daO5PtRo-dk_ztN5hsECSgCJwgekee9oCBZSw8JOw98.css | http://drupal-git.ddev.site:8080/sites/default/files/css/css_j3pohmfn-A9Z1xJM6L40NPTKkSDSQXztO5AeIWT4_48.css","","","","//*[@id=""edit-description""]","<textarea data-drupal-selector=""edit-description"" aria-describedby=""edit-description--description"" id=""edit-description"" name=""description"" rows=""5"" cols=""60"" class=""form-textarea resize-vertical form-element form-element--type-textarea form-element--api-textarea"" style="""">Use &lt;em&gt;articles&lt;/em&gt; for time-sensitive content like news, press releases or blog posts.</textarea>","//*[@id=""edit-description""]","<textarea data-drupal-selector=""edit-description"" aria-describedby=""edit-description--description"" id=""edit-description"" name=""description"" rows=""5"" cols=""60"" class=""form-textarea resize-vertical form-element form-element--type-textarea form-element--api-textarea"" style="""">Generated for visual regression seeding</textarea>","baseline/structure-content-type-article__default__light__textarea.png","candidate/structure-content-type-article__default__light__textarea.png"
"64","Admin Theme (dark + light) Structure Content Type Article - Button style regression vs Drupal 11 Gin","Structure Content Type Article","dark + light","Button","button, input[type=""submit""], .button","http://drupal-11.3.10.ddev.site/admin/structure/types/manage/article","http://drupal-12-git.ddev.site:8080/admin/structure/types/manage/article","light: paddingY: 9.1% | paddingX: 25.0% | count: +2 (33.3%) | dark: paddingY: 9.1% | paddingX: 25.0% | count: +2 (33.3%)","http://drupal-git.ddev.site:8080/sites/default/files/css/css_daO5PtRo-dk_ztN5hsECSgCJwgekee9oCBZSw8JOw98.css | http://drupal-git.ddev.site:8080/sites/default/files/css/css_j3pohmfn-A9Z1xJM6L40NPTKkSDSQXztO5AeIWT4_48.css | http://drupal-git.ddev.site:8080/sites/default/files/css/css_CS7swrzbGj6MjwwsFRJvupOoasd-z8apUEfZc0XNtu4.css","http://drupal-11.3.10.ddev.site/sites/default/files/css/css_byVZPUbRHzjXKT30Xe8A4mqdy9w2ort3C6cBmq59FPg.css | http://drupal-11.3.10.ddev.site/sites/default/files/css/css_Ufw6Rcbefnoua1CFacwYabjEX2CRqDnqHicEhPuXaX4.css","http://drupal-git.ddev.site:8080/sites/default/files/css/css_daO5PtRo-dk_ztN5hsECSgCJwgekee9oCBZSw8JOw98.css | http://drupal-git.ddev.site:8080/sites/default/files/css/css_j3pohmfn-A9Z1xJM6L40NPTKkSDSQXztO5AeIWT4_48.css","","","","/html[1]/body[1]/aside[1]/nav[1]/div[2]/ul[1]/li[1]/button[1]","<button class=""toolbar-link toolbar-link--has-icon toolbar-link--create""> <span class=""toolbar-link__action"">Extend</span> <span class=""toolbar-link__label"">Create</span> </button>","/html[1]/body[1]/aside[1]/nav[1]/div[1]/div[2]/ul[1]/li[1]/button[1]","<button aria-expanded=""false"" aria-controls=""navigation-link--navigationcreate-1305022686"" data-toolbar-popover-control="""" data-has-safe-triangle="""" data-component-id=""navigation:toolbar-button"" data-index-text=""c"" data-icon-text=""Cr"" class=""toolbar-button toolbar-button--icon--navigation-create toolbar-button--expand--side toolbar-button--collapsible toolbar-popover__control"" data-once=""safe-triangle""> <svg width=""20"" height=""20"" viewBox=""0 0 24 24"" fill=""none"" class=""toolbar-button__icon"" aria-hidden=""true""> <path d=""M12 2.25C10.0716 2.25 8.18657 2.82183 6.58319 3.89317C4.97982 4.96452 3.73013 6.48726 2.99218 8.26884C2.25422 10.0504 2.06114 12.0108 2.43735 13.9021C2.81355 15.7934 3.74215 17.5307 5.10571 18.8943C6.46928 20.2579 8.20656 21.1865 10.0979 21.5627C11.9892 21.9389 13.9496 21.74","baseline/structure-content-type-article__default__light__button.png","candidate/structure-content-type-article__default__light__button.png"
"65","Admin Theme (dark + light) Structure Content Type Article - Form Label style regression vs Drupal 11 Gin","Structure Content Type Article","dark + light","Form Label","label","http://drupal-11.3.10.ddev.site/admin/structure/types/manage/article","http://drupal-12-git.ddev.site:8080/admin/structure/types/manage/article","light: width: 465.5% | height: -11.6% | dark: width: 465.5% | height: -11.6%","core/themes/default_admin/css/components/form.css | core/themes/default_admin/css/components/form.pcss.css | core/themes/default_admin/css/components/tables.css | core/themes/default_admin/css/components/tables.pcss.css","http://drupal-11.3.10.ddev.site/sites/default/files/css/css_Ufw6Rcbefnoua1CFacwYabjEX2CRqDnqHicEhPuXaX4.css | http://drupal-11.3.10.ddev.site/sites/default/files/css/css_92ot4r8VwzMCzBRreiG8ryjZuwyROzI88VVjL7S8YzY.css","http://drupal-git.ddev.site:8080/sites/default/files/css/css_j3pohmfn-A9Z1xJM6L40NPTKkSDSQXztO5AeIWT4_48.css","","","","/html[1]/body[1]/div[2]/div[5]/main[1]/div[4]/div[1]/form[1]/div[1]/label[1]","<label for=""edit-name"" class=""form-item__label js-form-required form-required"">Name</label>","/html[1]/body[1]/div[4]/div[2]/main[1]/div[4]/div[1]/form[1]/div[1]/label[1]","<label for=""edit-name"" class=""form-item__label js-form-required form-required"">Name</label>","baseline/structure-content-type-article__default__light__label.png","candidate/structure-content-type-article__default__light__label.png"
"66","Admin Theme (dark + light) Structure Content Type Article - Toolbar Structure Toggle Button style regression vs Drupal 11 Gin","Structure Content Type Article","dark + light","Toolbar Structure Toggle Button","button.toolbar-link.toolbar-link--system-admin-structure","http://drupal-11.3.10.ddev.site/admin/structure/types/manage/article","http://drupal-12-git.ddev.site:8080/admin/structure/types/manage/article","light: fontSize: -100.0% | lineHeight: -100.0% | paddingY: -100.0% | paddingX: -100.0% | width: -100.0% | height: -100.0% | count: -1 (-100.0%) | dark: fontSize: -100.0% | lineHeight: -100.0% | paddingY: -100.0% | paddingX: -100.0% | width: -100.0% | height: -100.0% | count: -1 (-100.0%)","unknown","http://drupal-11.3.10.ddev.site/sites/default/files/css/css_byVZPUbRHzjXKT30Xe8A4mqdy9w2ort3C6cBmq59FPg.css | http://drupal-11.3.10.ddev.site/sites/default/files/css/css_Ufw6Rcbefnoua1CFacwYabjEX2CRqDnqHicEhPuXaX4.css","","","","","/html[1]/body[1]/aside[1]/nav[1]/div[4]/ul[1]/li[1]/button[1]","<button class=""toolbar-link toolbar-link--has-icon toolbar-link--system-admin-structure""> <span class=""toolbar-link__action"">Extend</span> <span class=""toolbar-link__label"">Structure</span> </button>","","","baseline/structure-content-type-article__default__light__toolbar-structure-toggle.png",""
"67","Admin Theme (dark + light) Structure Article Fields - Button style regression vs Drupal 11 Gin","Structure Article Fields","dark + light","Button","button, input[type=""submit""], .button","http://drupal-11.3.10.ddev.site/admin/structure/types/manage/article/fields","http://drupal-12-git.ddev.site:8080/admin/structure/types/manage/article/fields","light: lineHeight: -5.9% | paddingY: 40.4% | paddingX: 41.0% | width: 27.2% | height: 15.1% | dark: lineHeight: -5.9% | paddingY: 40.4% | paddingX: 41.0% | width: 27.2% | height: 15.1%","http://drupal-git.ddev.site:8080/sites/default/files/css/css_8nHfkIb2xyQNQi3nPzEp2UHZ4f47tL3j3zoLj2C14I4.css | http://drupal-git.ddev.site:8080/sites/default/files/css/css_f6fuyBUH2SSbpm2wD0SPOzHxK6pEYShMasfk3B9sue4.css | http://drupal-git.ddev.site:8080/sites/default/files/css/css_Bs_C1L-4z9DWmyFC3SHfn8bg8y7jf2P2ttJ6QkT_RRo.css","http://drupal-11.3.10.ddev.site/sites/default/files/css/css_KR-YVGqRYUHMA_iIzg4_RBWQ2lrkjc-HCSOZ3zh0cFw.css | http://drupal-11.3.10.ddev.site/sites/default/files/css/css_r2VXENDU-6K0pnIkJsMriWcizmntRVI_F4wKxxstKkM.css","http://drupal-git.ddev.site:8080/sites/default/files/css/css_8nHfkIb2xyQNQi3nPzEp2UHZ4f47tL3j3zoLj2C14I4.css | http://drupal-git.ddev.site:8080/sites/default/files/css/css_f6fuyBUH2SSbpm2wD0SPOzHxK6pEYShMasfk3B9sue4.css","high","button, input, optgroup, select, textarea","line-height: 17px; /* current ~16px */ | padding-block: 14.3px; /* current ~20px */ | padding-inline: 19.5px; /* current ~27.5px */ | min-height: 34.8px; /* current ~40px */","/html[1]/body[1]/aside[1]/nav[1]/div[2]/ul[1]/li[1]/button[1]","<button class=""toolbar-link toolbar-link--has-icon toolbar-link--create""> <span class=""toolbar-link__action"">Extend</span> <span class=""toolbar-link__label"">Create</span> </button>","/html[1]/body[1]/aside[1]/nav[1]/div[1]/div[2]/ul[1]/li[1]/button[1]","<button aria-expanded=""false"" aria-controls=""navigation-link--navigationcreate-1305022686"" data-toolbar-popover-control="""" data-has-safe-triangle="""" data-component-id=""navigation:toolbar-button"" data-index-text=""c"" data-icon-text=""Cr"" class=""toolbar-button toolbar-button--icon--navigation-create toolbar-button--expand--side toolbar-button--collapsible toolbar-popover__control"" data-once=""safe-triangle""> <svg width=""20"" height=""20"" viewBox=""0 0 24 24"" fill=""none"" class=""toolbar-button__icon"" aria-hidden=""true""> <path d=""M12 2.25C10.0716 2.25 8.18657 2.82183 6.58319 3.89317C4.97982 4.96452 3.73013 6.48726 2.99218 8.26884C2.25422 10.0504 2.06114 12.0108 2.43735 13.9021C2.81355 15.7934 3.74215 17.5307 5.10571 18.8943C6.46928 20.2579 8.20656 21.1865 10.0979 21.5627C11.9892 21.9389 13.9496 21.74","baseline/structure-content-type-article-fields__default__light__button.png","candidate/structure-content-type-article-fields__default__light__button.png"
"68","Admin Theme (dark + light) Structure Article Fields - Table Body Cell style regression vs Drupal 11 Gin","Structure Article Fields","dark + light","Table Body Cell","table tbody td","http://drupal-11.3.10.ddev.site/admin/structure/types/manage/article/fields","http://drupal-12-git.ddev.site:8080/admin/structure/types/manage/article/fields","light: count: -5 (-62.5%) | dark: count: -5 (-62.5%)","http://drupal-git.ddev.site:8080/sites/default/files/css/css_f6fuyBUH2SSbpm2wD0SPOzHxK6pEYShMasfk3B9sue4.css","http://drupal-11.3.10.ddev.site/sites/default/files/css/css_r2VXENDU-6K0pnIkJsMriWcizmntRVI_F4wKxxstKkM.css | http://drupal-11.3.10.ddev.site/sites/default/files/css/css_92ot4r8VwzMCzBRreiG8ryjZuwyROzI88VVjL7S8YzY.css","http://drupal-git.ddev.site:8080/sites/default/files/css/css_f6fuyBUH2SSbpm2wD0SPOzHxK6pEYShMasfk3B9sue4.css","","","","/html[1]/body[1]/div[2]/div[5]/main[1]/div[4]/div[1]/div[1]/div[1]/table[1]/tbody[1]/tr[1]/td[1]","<td><div class=""field-label-container""><div class=""field-label-wrapper""><span class=""field-label-text"">Body</span> <span class=""field-ui-secondary-text field-machine-name""> body</span> </div> <div class=""field-details-container""><span class=""field-ui-pill"">Single</span> </div> </div> </td>","/html[1]/body[1]/div[4]/div[2]/main[1]/div[4]/div[1]/div[1]/div[1]/table[1]/tbody[1]/tr[1]/td[1]","<td><div class=""field-label-container""><div class=""field-label-wrapper""><span class=""field-label-text"">Body</span> <span class=""field-ui-secondary-text field-machine-name""> body</span> </div> <div class=""field-details-container""><span class=""field-ui-pill"">Single</span> </div> </div> </td>","baseline/structure-content-type-article-fields__default__light__table-cell.png","candidate/structure-content-type-article-fields__default__light__table-cell.png"
"69","Admin Theme (dark + light) Structure Article Fields - Dropbutton Wrapper style regression vs Drupal 11 Gin","Structure Article Fields","dark + light","Dropbutton Wrapper",".dropbutton-wrapper.dropbutton-multiple, .dropbutton-wrapper","http://drupal-11.3.10.ddev.site/admin/structure/types/manage/article/fields","http://drupal-12-git.ddev.site:8080/admin/structure/types/manage/article/fields","light: width: -22.0% | count: -3 (-75.0%) | dark: width: -22.0% | count: -3 (-75.0%)","core/themes/default_admin/css/components/dropbutton.css | core/themes/default_admin/css/components/dropbutton.pcss.css | core/themes/default_admin/css/components/views-ui.css | core/themes/default_admin/css/components/views-ui.pcss.css","http://drupal-11.3.10.ddev.site/sites/default/files/css/css_KR-YVGqRYUHMA_iIzg4_RBWQ2lrkjc-HCSOZ3zh0cFw.css | http://drupal-11.3.10.ddev.site/sites/default/files/css/css_r2VXENDU-6K0pnIkJsMriWcizmntRVI_F4wKxxstKkM.css | http://drupal-11.3.10.ddev.site/sites/default/files/css/css_92ot4r8VwzMCzBRreiG8ryjZuwyROzI88VVjL7S8YzY.css","http://drupal-git.ddev.site:8080/sites/default/files/css/css_f6fuyBUH2SSbpm2wD0SPOzHxK6pEYShMasfk3B9sue4.css","","","","/html[1]/body[1]/div[2]/div[5]/main[1]/div[4]/div[1]/div[1]/div[1]/table[1]/tbody[1]/tr[1]/td[3]/div[1]","<div class=""dropbutton-wrapper dropbutton-multiple"" data-drupal-ajax-container="""" data-once=""dropbutton ginDropbutton""> <div class=""dropbutton-widget""><ul class=""dropbutton dropbutton--extrasmall dropbutton--multiple dropbutton--gin""> <li class=""edit dropbutton__item dropbutton-action""><a href=""/admin/structure/types/manage/article/fields/node.article.body"" title=""Edit field settings."" class=""use-ajax"" data-dialog-type=""modal"" data-dialog-options=""{&quot;width&quot;:1100}"" data-once=""ajax"">Edit</a></li><li class=""dropbutton-toggle""><button type=""button"" class=""dropbutton__toggle""><span class=""visually-hidden"">List additional actions</span></button></li> <li class=""dropbutton__item dropbutton-action secondary-action""> <ul class=""dropbutton__items"" style=""position: absolute; overflow-y: auto","/html[1]/body[1]/div[4]/div[2]/main[1]/div[4]/div[1]/div[1]/div[1]/table[1]/tbody[1]/tr[1]/td[3]/div[1]","<div class=""dropbutton-wrapper dropbutton-multiple open"" data-drupal-ajax-container="""" data-once=""dropbutton ginDropbutton""> <div class=""dropbutton-widget""><ul class=""dropbutton dropbutton--extrasmall dropbutton--multiple dropbutton--gin""> <li class=""edit dropbutton__item dropbutton-action""><a href=""/admin/structure/types/manage/article/fields/node.article.body"" title=""Edit field settings."" class=""use-ajax"" data-dialog-type=""modal"" data-dialog-options=""{&quot;width&quot;:1100}"" data-once=""ajax"">Edit</a></li><li class=""dropbutton-toggle""><button type=""button"" class=""dropbutton__toggle""><span class=""visually-hidden"">List additional actions</span></button></li> <li class=""dropbutton__item dropbutton-action secondary-action""> <ul class=""dropbutton__items"" style=""position: fixed; left: 1127.36p","baseline/structure-content-type-article-fields__default__light__dropbutton-wrapper.png","candidate/structure-content-type-article-fields__default__light__dropbutton-wrapper.png"
"70","Admin Theme (dark + light) Structure Article Fields - Dropbutton Primary Action Link style regression vs Drupal 11 Gin","Structure Article Fields","dark + light","Dropbutton Primary Action Link",".dropbutton-wrapper .dropbutton__item.dropbutton-action > a","http://drupal-11.3.10.ddev.site/admin/structure/types/manage/article/fields","http://drupal-12-git.ddev.site:8080/admin/structure/types/manage/article/fields","light: paddingY: 27.0% | paddingX: -12.2% | height: 10.5% | count: -3 (-60.0%) | dark: paddingY: 27.0% | paddingX: -12.2% | height: 10.5% | count: -3 (-60.0%)","core/themes/default_admin/css/base/elements.css | core/themes/default_admin/css/base/elements.pcss.css | core/themes/default_admin/css/components/dropbutton.css | core/themes/default_admin/css/components/dropbutton.pcss.css | core/themes/default_admin/css/base/print.css | core/themes/default_admin/css/base/print.pcss.css","http://drupal-11.3.10.ddev.site/sites/default/files/css/css_KR-YVGqRYUHMA_iIzg4_RBWQ2lrkjc-HCSOZ3zh0cFw.css | http://drupal-11.3.10.ddev.site/sites/default/files/css/css_r2VXENDU-6K0pnIkJsMriWcizmntRVI_F4wKxxstKkM.css | http://drupal-11.3.10.ddev.site/sites/default/files/css/css_92ot4r8VwzMCzBRreiG8ryjZuwyROzI88VVjL7S8YzY.css","http://drupal-git.ddev.site:8080/sites/default/files/css/css_8nHfkIb2xyQNQi3nPzEp2UHZ4f47tL3j3zoLj2C14I4.css | http://drupal-git.ddev.site:8080/sites/default/files/css/css_f6fuyBUH2SSbpm2wD0SPOzHxK6pEYShMasfk3B9sue4.css","","","","/html[1]/body[1]/div[2]/div[5]/main[1]/div[4]/div[1]/div[1]/div[1]/table[1]/tbody[1]/tr[1]/td[3]/div[1]/div[1]/ul[1]/li[1]/a[1]","<a href=""/admin/structure/types/manage/article/fields/node.article.body"" title=""Edit field settings."" class=""use-ajax"" data-dialog-type=""modal"" data-dialog-options=""{&quot;width&quot;:1100}"" data-once=""ajax"">Edit</a>","/html[1]/body[1]/div[4]/div[2]/main[1]/div[4]/div[1]/div[1]/div[1]/table[1]/tbody[1]/tr[1]/td[3]/div[1]/div[1]/ul[1]/li[1]/a[1]","<a href=""/admin/structure/types/manage/article/fields/node.article.body"" title=""Edit field settings."" class=""use-ajax"" data-dialog-type=""modal"" data-dialog-options=""{&quot;width&quot;:1100}"" data-once=""ajax"">Edit</a>","baseline/structure-content-type-article-fields__default__light__dropbutton-primary-action.png","candidate/structure-content-type-article-fields__default__light__dropbutton-primary-action.png"
"71","Admin Theme (dark + light) Structure Article Fields - Dropbutton Toggle Button style regression vs Drupal 11 Gin","Structure Article Fields","dark + light","Dropbutton Toggle Button",".dropbutton-wrapper .dropbutton__toggle, .dropbutton-toggle button.dropbutton__toggle","http://drupal-11.3.10.ddev.site/admin/structure/types/manage/article/fields","http://drupal-12-git.ddev.site:8080/admin/structure/types/manage/article/fields","light: fontSize: -12.5% | count: -3 (-75.0%) | dark: fontSize: -12.5% | count: -3 (-75.0%)","core/themes/default_admin/css/components/dropbutton.css | core/themes/default_admin/css/components/dropbutton.pcss.css","http://drupal-11.3.10.ddev.site/sites/default/files/css/css_KR-YVGqRYUHMA_iIzg4_RBWQ2lrkjc-HCSOZ3zh0cFw.css | http://drupal-11.3.10.ddev.site/sites/default/files/css/css_r2VXENDU-6K0pnIkJsMriWcizmntRVI_F4wKxxstKkM.css | http://drupal-11.3.10.ddev.site/sites/default/files/css/css_92ot4r8VwzMCzBRreiG8ryjZuwyROzI88VVjL7S8YzY.css","http://drupal-git.ddev.site:8080/sites/default/files/css/css_8nHfkIb2xyQNQi3nPzEp2UHZ4f47tL3j3zoLj2C14I4.css | http://drupal-git.ddev.site:8080/sites/default/files/css/css_f6fuyBUH2SSbpm2wD0SPOzHxK6pEYShMasfk3B9sue4.css","","","","/html[1]/body[1]/div[2]/div[5]/main[1]/div[4]/div[1]/div[1]/div[1]/table[1]/tbody[1]/tr[1]/td[3]/div[1]/div[1]/ul[1]/li[2]/button[1]","<button type=""button"" class=""dropbutton__toggle""><span class=""visually-hidden"">List additional actions</span></button>","/html[1]/body[1]/div[4]/div[2]/main[1]/div[4]/div[1]/div[1]/div[1]/table[1]/tbody[1]/tr[1]/td[3]/div[1]/div[1]/ul[1]/li[2]/button[1]","<button type=""button"" class=""dropbutton__toggle""><span class=""visually-hidden"">List additional actions</span></button>","",""
"72","Admin Theme (dark + light) Structure Article Fields - Dropbutton Secondary Action Link style regression vs Drupal 11 Gin","Structure Article Fields","dark + light","Dropbutton Secondary Action Link",".dropbutton-wrapper .dropbutton__items .dropbutton__item a","http://drupal-11.3.10.ddev.site/admin/structure/types/manage/article/fields","http://drupal-12-git.ddev.site:8080/admin/structure/types/manage/article/fields","light: width: 25.3% | dark: width: 25.3%","core/themes/default_admin/css/base/elements.css | core/themes/default_admin/css/base/elements.pcss.css | core/themes/default_admin/css/base/print.css | core/themes/default_admin/css/base/print.pcss.css","http://drupal-11.3.10.ddev.site/sites/default/files/css/css_KR-YVGqRYUHMA_iIzg4_RBWQ2lrkjc-HCSOZ3zh0cFw.css | http://drupal-11.3.10.ddev.site/sites/default/files/css/css_r2VXENDU-6K0pnIkJsMriWcizmntRVI_F4wKxxstKkM.css | http://drupal-11.3.10.ddev.site/sites/default/files/css/css_92ot4r8VwzMCzBRreiG8ryjZuwyROzI88VVjL7S8YzY.css","http://drupal-git.ddev.site:8080/sites/default/files/css/css_8nHfkIb2xyQNQi3nPzEp2UHZ4f47tL3j3zoLj2C14I4.css | http://drupal-git.ddev.site:8080/sites/default/files/css/css_f6fuyBUH2SSbpm2wD0SPOzHxK6pEYShMasfk3B9sue4.css","","","","/html[1]/body[1]/div[2]/div[5]/main[1]/div[4]/div[1]/div[1]/div[1]/table[1]/tbody[1]/tr[3]/td[3]/div[1]/div[1]/ul[1]/li[3]/ul[1]/li[1]/a[1]","<a href=""/admin/structure/types/manage/article/fields/node.article.field_image/delete"" title=""Delete field."" class=""use-ajax"" data-dialog-type=""modal"" data-dialog-options=""{&quot;width&quot;:880}"" data-once=""ajax"">Delete</a>","/html[1]/body[1]/div[4]/div[2]/main[1]/div[4]/div[1]/div[1]/div[1]/table[1]/tbody[1]/tr[1]/td[3]/div[1]/div[1]/ul[1]/li[3]/ul[1]/li[1]/a[1]","<a href=""/admin/structure/types/manage/article/fields/node.article.body/delete"" title=""Delete field."" class=""use-ajax"" data-dialog-type=""modal"" data-dialog-options=""{&quot;width&quot;:880}"" data-once=""ajax"">Delete</a>","baseline/structure-content-type-article-fields__default__light__dropbutton-secondary-action.png","candidate/structure-content-type-article-fields__default__light__dropbutton-secondary-action.png"
"73","Admin Theme (dark + light) Structure Article Fields - Toolbar Structure Toggle Button style regression vs Drupal 11 Gin","Structure Article Fields","dark + light","Toolbar Structure Toggle Button","button.toolbar-link.toolbar-link--system-admin-structure","http://drupal-11.3.10.ddev.site/admin/structure/types/manage/article/fields","http://drupal-12-git.ddev.site:8080/admin/structure/types/manage/article/fields","light: fontSize: -100.0% | lineHeight: -100.0% | paddingY: -100.0% | paddingX: -100.0% | width: -100.0% | height: -100.0% | count: -1 (-100.0%) | dark: fontSize: -100.0% | lineHeight: -100.0% | paddingY: -100.0% | paddingX: -100.0% | width: -100.0% | height: -100.0% | count: -1 (-100.0%)","unknown","http://drupal-11.3.10.ddev.site/sites/default/files/css/css_KR-YVGqRYUHMA_iIzg4_RBWQ2lrkjc-HCSOZ3zh0cFw.css | http://drupal-11.3.10.ddev.site/sites/default/files/css/css_r2VXENDU-6K0pnIkJsMriWcizmntRVI_F4wKxxstKkM.css","","","","","/html[1]/body[1]/aside[1]/nav[1]/div[4]/ul[1]/li[1]/button[1]","<button class=""toolbar-link toolbar-link--has-icon toolbar-link--system-admin-structure""> <span class=""toolbar-link__action"">Extend</span> <span class=""toolbar-link__label"">Structure</span> </button>","","","baseline/structure-content-type-article-fields__default__light__toolbar-structure-toggle.png",""
"74","Admin Theme (dark + light) Structure Article Display - Button style regression vs Drupal 11 Gin","Structure Article Display","dark + light","Button","button, input[type=""submit""], .button","http://drupal-11.3.10.ddev.site/admin/structure/types/manage/article/display","http://drupal-12-git.ddev.site:8080/admin/structure/types/manage/article/display","light: lineHeight: -8.6% | paddingY: 23.1% | paddingX: 34.1% | width: 24.8% | height: 14.3% | dark: lineHeight: -8.6% | paddingY: 23.1% | paddingX: 34.1% | width: 24.8% | height: 14.3%","http://drupal-git.ddev.site:8080/sites/default/files/css/css_ifV_44lS__Q_b8x5Z0QT00a3hvuGXf8PzI8Rr5bm2D0.css | http://drupal-git.ddev.site:8080/sites/default/files/css/css_TwkthHK5fMOLDBR92pYhSmHj4w5qy3QrqmDOnh7ZvMU.css | http://drupal-git.ddev.site:8080/sites/default/files/css/css_XlujyaecmFlvqpEfeNBQCCJeOhPd7zI2_iGDsoG1zWM.css","http://drupal-11.3.10.ddev.site/sites/default/files/css/css_1DQbg4Z9DPA9y40hmM4G9bdIpDfJJB1v-pQQ6d5wM9g.css | http://drupal-11.3.10.ddev.site/sites/default/files/css/css_r2VXENDU-6K0pnIkJsMriWcizmntRVI_F4wKxxstKkM.css","http://drupal-git.ddev.site:8080/sites/default/files/css/css_ifV_44lS__Q_b8x5Z0QT00a3hvuGXf8PzI8Rr5bm2D0.css | http://drupal-git.ddev.site:8080/sites/default/files/css/css_TwkthHK5fMOLDBR92pYhSmHj4w5qy3QrqmDOnh7ZvMU.css","high","button, input, optgroup, select, textarea","line-height: 17.5px; /* current ~16px */ | padding-block: 16.3px; /* current ~20px */ | padding-inline: 20.5px; /* current ~27.5px */ | min-height: 35px; /* current ~40px */","/html[1]/body[1]/aside[1]/nav[1]/div[2]/ul[1]/li[1]/button[1]","<button class=""toolbar-link toolbar-link--has-icon toolbar-link--create""> <span class=""toolbar-link__action"">Extend</span> <span class=""toolbar-link__label"">Create</span> </button>","/html[1]/body[1]/aside[1]/nav[1]/div[1]/div[2]/ul[1]/li[1]/button[1]","<button aria-expanded=""false"" aria-controls=""navigation-link--navigationcreate-1305022686"" data-toolbar-popover-control="""" data-has-safe-triangle="""" data-component-id=""navigation:toolbar-button"" data-index-text=""c"" data-icon-text=""Cr"" class=""toolbar-button toolbar-button--icon--navigation-create toolbar-button--expand--side toolbar-button--collapsible toolbar-popover__control"" data-once=""safe-triangle""> <svg width=""20"" height=""20"" viewBox=""0 0 24 24"" fill=""none"" class=""toolbar-button__icon"" aria-hidden=""true""> <path d=""M12 2.25C10.0716 2.25 8.18657 2.82183 6.58319 3.89317C4.97982 4.96452 3.73013 6.48726 2.99218 8.26884C2.25422 10.0504 2.06114 12.0108 2.43735 13.9021C2.81355 15.7934 3.74215 17.5307 5.10571 18.8943C6.46928 20.2579 8.20656 21.1865 10.0979 21.5627C11.9892 21.9389 13.9496 21.74","baseline/structure-content-type-article-display__default__light__button.png","candidate/structure-content-type-article-display__default__light__button.png"
"75","Admin Theme (dark + light) Structure Article Display - Form Item Wrapper style regression vs Drupal 11 Gin","Structure Article Display","dark + light","Form Item Wrapper",".form-item","http://drupal-11.3.10.ddev.site/admin/structure/types/manage/article/display","http://drupal-12-git.ddev.site:8080/admin/structure/types/manage/article/display","light: fontSize: -100.0% | lineHeight: -100.0% | width: -100.0% | height: -100.0% | count: -8 (-100.0%) | dark: fontSize: -100.0% | lineHeight: -100.0% | width: -100.0% | height: -100.0% | count: -8 (-100.0%)","unknown","http://drupal-11.3.10.ddev.site/sites/default/files/css/css_r2VXENDU-6K0pnIkJsMriWcizmntRVI_F4wKxxstKkM.css | http://drupal-11.3.10.ddev.site/sites/default/files/css/css_92ot4r8VwzMCzBRreiG8ryjZuwyROzI88VVjL7S8YzY.css","","","","","/html[1]/body[1]/div[2]/div[5]/main[1]/div[4]/div[1]/form[1]/div[1]/div[1]/div[2]/table[1]/tbody[1]/tr[2]/td[6]/div[1]","<div class=""js-form-item form-item js-form-type-select form-type--select js-form-item-fields-field-image-label form-item--fields-field-image-label form-item--no-label""> <label for=""edit-fields-field-image-label"" class=""form-item__label visually-hidden"">Label display for Image</label> <select data-drupal-selector=""edit-fields-field-image-label"" id=""edit-fields-field-image-label"" name=""fields[field_image][label]"" class=""form-select form-element form-element--type-select""> <option value=""above"">Above</option> <option value=""inline"">Inline</option> <option value=""hidden"" selected=""selected"">- Hidden -</option> <option value=""visually_hidden"">- Visually Hidden -</option> </select> </div>","","","baseline/structure-content-type-article-display__default__light__form-item.png",""
"76","Admin Theme (dark + light) Structure Article Display - Table Header Cell style regression vs Drupal 11 Gin","Structure Article Display","dark + light","Table Header Cell","table thead th","http://drupal-11.3.10.ddev.site/admin/structure/types/manage/article/display","http://drupal-12-git.ddev.site:8080/admin/structure/types/manage/article/display","light: paddingX: 60.0% | width: 37.5% | count: +2 (50.0%) | dark: paddingX: 60.0% | width: 37.5% | count: +2 (50.0%)","core/themes/default_admin/css/components/tables.css | core/themes/default_admin/css/components/tables.pcss.css","http://drupal-11.3.10.ddev.site/sites/default/files/css/css_r2VXENDU-6K0pnIkJsMriWcizmntRVI_F4wKxxstKkM.css | http://drupal-11.3.10.ddev.site/sites/default/files/css/css_92ot4r8VwzMCzBRreiG8ryjZuwyROzI88VVjL7S8YzY.css","http://drupal-git.ddev.site:8080/sites/default/files/css/css_ifV_44lS__Q_b8x5Z0QT00a3hvuGXf8PzI8Rr5bm2D0.css | http://drupal-git.ddev.site:8080/sites/default/files/css/css_TwkthHK5fMOLDBR92pYhSmHj4w5qy3QrqmDOnh7ZvMU.css","","","","/html[1]/body[1]/div[2]/div[5]/main[1]/div[4]/div[1]/form[1]/div[1]/div[1]/div[2]/table[1]/thead[1]/tr[1]/th[1]","<th class=""th__field"">Field </th>","/html[1]/body[1]/div[4]/div[2]/main[1]/div[4]/div[1]/div[1]/div[2]/div[1]/table[1]/thead[1]/tr[1]/th[1]","<th class=""th__view-mode"">View mode </th>","baseline/structure-content-type-article-display__default__light__table-header.png","candidate/structure-content-type-article-display__default__light__table-header.png"
"77","Admin Theme (dark + light) Structure Article Display - Table Body Cell style regression vs Drupal 11 Gin","Structure Article Display","dark + light","Table Body Cell","table tbody td","http://drupal-11.3.10.ddev.site/admin/structure/types/manage/article/display","http://drupal-12-git.ddev.site:8080/admin/structure/types/manage/article/display","light: paddingX: 60.0% | width: 116.2% | height: -26.2% | dark: paddingX: 60.0% | width: 116.2% | height: -26.2%","http://drupal-git.ddev.site:8080/sites/default/files/css/css_ifV_44lS__Q_b8x5Z0QT00a3hvuGXf8PzI8Rr5bm2D0.css | http://drupal-git.ddev.site:8080/sites/default/files/css/css_TwkthHK5fMOLDBR92pYhSmHj4w5qy3QrqmDOnh7ZvMU.css | http://drupal-git.ddev.site:8080/sites/default/files/css/css_XlujyaecmFlvqpEfeNBQCCJeOhPd7zI2_iGDsoG1zWM.css","http://drupal-11.3.10.ddev.site/sites/default/files/css/css_1DQbg4Z9DPA9y40hmM4G9bdIpDfJJB1v-pQQ6d5wM9g.css | http://drupal-11.3.10.ddev.site/sites/default/files/css/css_r2VXENDU-6K0pnIkJsMriWcizmntRVI_F4wKxxstKkM.css | http://drupal-11.3.10.ddev.site/sites/default/files/css/css_92ot4r8VwzMCzBRreiG8ryjZuwyROzI88VVjL7S8YzY.css","http://drupal-git.ddev.site:8080/sites/default/files/css/css_ifV_44lS__Q_b8x5Z0QT00a3hvuGXf8PzI8Rr5bm2D0.css | http://drupal-git.ddev.site:8080/sites/default/files/css/css_TwkthHK5fMOLDBR92pYhSmHj4w5qy3QrqmDOnh7ZvMU.css","","","","/html[1]/body[1]/div[2]/div[5]/main[1]/div[4]/div[1]/form[1]/div[1]/div[1]/div[2]/table[1]/tbody[1]/tr[2]/td[1]","<td class=""tabledrag-cell""><div class=""tabledrag-cell-content js-tabledrag-cell-content""><a href=""#"" title=""Change order"" class=""tabledrag-handle js-tabledrag-handle tabledrag-handle-y""></a><div class=""tabledrag-cell-content__item"">Image</div></div></td>","/html[1]/body[1]/div[4]/div[2]/main[1]/div[4]/div[1]/div[1]/div[2]/div[1]/table[1]/tbody[1]/tr[1]/td[1]","<td>Default</td>","baseline/structure-content-type-article-display__default__light__table-cell.png",""
"78","Admin Theme (dark + light) Structure Article Display - Details Summary style regression vs Drupal 11 Gin","Structure Article Display","dark + light","Details Summary","details > summary","http://drupal-11.3.10.ddev.site/admin/structure/types/manage/article/display","http://drupal-12-git.ddev.site:8080/admin/structure/types/manage/article/display","light: fontSize: -100.0% | lineHeight: -100.0% | paddingY: -100.0% | paddingX: -100.0% | width: -100.0% | height: -100.0% | count: -1 (-100.0%) | dark: fontSize: -100.0% | lineHeight: -100.0% | paddingY: -100.0% | paddingX: -100.0% | width: -100.0% | height: -100.0% | count: -1 (-100.0%)","unknown","http://drupal-11.3.10.ddev.site/sites/default/files/css/css_1DQbg4Z9DPA9y40hmM4G9bdIpDfJJB1v-pQQ6d5wM9g.css | http://drupal-11.3.10.ddev.site/sites/default/files/css/css_r2VXENDU-6K0pnIkJsMriWcizmntRVI_F4wKxxstKkM.css | http://drupal-11.3.10.ddev.site/sites/default/files/css/css_92ot4r8VwzMCzBRreiG8ryjZuwyROzI88VVjL7S8YzY.css","","","","","/html[1]/body[1]/div[2]/div[5]/main[1]/div[4]/div[1]/form[1]/details[1]/summary[1]","<summary role=""button"" aria-controls=""edit-modes"" aria-expanded=""false"" class=""claro-details__summary"">Custom display settings<span class=""required-mark""></span> <span class=""claro-details__summary-summary""></span></summary>","","","baseline/structure-content-type-article-display__default__light__details-summary.png",""
"79","Admin Theme (dark + light) Structure Article Display - Form Label style regression vs Drupal 11 Gin","Structure Article Display","dark + light","Form Label","label","http://drupal-11.3.10.ddev.site/admin/structure/types/manage/article/display","http://drupal-12-git.ddev.site:8080/admin/structure/types/manage/article/display","light: fontSize: -100.0% | lineHeight: -100.0% | width: -100.0% | height: -100.0% | count: -8 (-100.0%) | dark: fontSize: -100.0% | lineHeight: -100.0% | width: -100.0% | height: -100.0% | count: -8 (-100.0%)","unknown","http://drupal-11.3.10.ddev.site/sites/default/files/css/css_1DQbg4Z9DPA9y40hmM4G9bdIpDfJJB1v-pQQ6d5wM9g.css | http://drupal-11.3.10.ddev.site/sites/default/files/css/css_r2VXENDU-6K0pnIkJsMriWcizmntRVI_F4wKxxstKkM.css | http://drupal-11.3.10.ddev.site/sites/default/files/css/css_92ot4r8VwzMCzBRreiG8ryjZuwyROzI88VVjL7S8YzY.css","","","","","/html[1]/body[1]/div[2]/div[5]/main[1]/div[4]/div[1]/form[1]/div[1]/div[1]/div[2]/table[1]/tbody[1]/tr[2]/td[6]/div[1]/label[1]","<label for=""edit-fields-field-image-label"" class=""form-item__label visually-hidden"">Label display for Image</label>","","","baseline/structure-content-type-article-display__default__light__label.png",""
"80","Admin Theme (dark + light) Structure Article Display - Dropbutton Wrapper style regression vs Drupal 11 Gin","Structure Article Display","dark + light","Dropbutton Wrapper",".dropbutton-wrapper.dropbutton-multiple, .dropbutton-wrapper","http://drupal-11.3.10.ddev.site/admin/structure/types/manage/article/display","http://drupal-12-git.ddev.site:8080/admin/structure/types/manage/article/display","light: fontSize: 100.0% | lineHeight: 100.0% | width: 100.0% | height: 100.0% | count: +4 (100.0%) | dark: fontSize: 100.0% | lineHeight: 100.0% | width: 100.0% | height: 100.0% | count: +4 (100.0%)","core/themes/default_admin/css/components/dropbutton.css | core/themes/default_admin/css/components/dropbutton.pcss.css | core/themes/default_admin/css/components/views-ui.css | core/themes/default_admin/css/components/views-ui.pcss.css","","http://drupal-git.ddev.site:8080/sites/default/files/css/css_TwkthHK5fMOLDBR92pYhSmHj4w5qy3QrqmDOnh7ZvMU.css","","","","","","/html[1]/body[1]/div[4]/div[2]/main[1]/div[4]/div[1]/div[1]/div[2]/div[1]/table[1]/tbody[1]/tr[1]/td[3]/div[1]","<div class=""dropbutton-wrapper dropbutton-single"" data-drupal-ajax-container="""" data-once=""dropbutton""> <div class=""dropbutton-widget""><ul class=""dropbutton dropbutton--extrasmall dropbutton--single dropbutton--gin""> <li class=""manage dropbutton__item dropbutton-action""><a href=""/admin/structure/types/manage/article/display/default"">Manage <span class=""visually-hidden"">(Default)</span></a></li> </ul></div> </div>","","candidate/structure-content-type-article-display__default__light__dropbutton-wrapper.png"
"81","Admin Theme (dark + light) Structure Article Display - Dropbutton Primary Action Link style regression vs Drupal 11 Gin","Structure Article Display","dark + light","Dropbutton Primary Action Link",".dropbutton-wrapper .dropbutton__item.dropbutton-action > a","http://drupal-11.3.10.ddev.site/admin/structure/types/manage/article/display","http://drupal-12-git.ddev.site:8080/admin/structure/types/manage/article/display","light: fontSize: 100.0% | lineHeight: 100.0% | paddingY: 100.0% | paddingX: 100.0% | width: 100.0% | height: 100.0% | count: +4 (100.0%) | dark: fontSize: 100.0% | lineHeight: 100.0% | paddingY: 100.0% | paddingX: 100.0% | width: 100.0% | height: 100.0% | count: +4 (100.0%)","core/themes/default_admin/css/base/elements.css | core/themes/default_admin/css/base/elements.pcss.css | core/themes/default_admin/css/components/dropbutton.css | core/themes/default_admin/css/components/dropbutton.pcss.css | core/themes/default_admin/css/base/print.css | core/themes/default_admin/css/base/print.pcss.css","","http://drupal-git.ddev.site:8080/sites/default/files/css/css_ifV_44lS__Q_b8x5Z0QT00a3hvuGXf8PzI8Rr5bm2D0.css | http://drupal-git.ddev.site:8080/sites/default/files/css/css_TwkthHK5fMOLDBR92pYhSmHj4w5qy3QrqmDOnh7ZvMU.css","","","","","","/html[1]/body[1]/div[4]/div[2]/main[1]/div[4]/div[1]/div[1]/div[2]/div[1]/table[1]/tbody[1]/tr[1]/td[3]/div[1]/div[1]/ul[1]/li[1]/a[1]","<a href=""/admin/structure/types/manage/article/display/default"">Manage <span class=""visually-hidden"">(Default)</span></a>","","candidate/structure-content-type-article-display__default__light__dropbutton-primary-action.png"
"82","Admin Theme (dark + light) Structure Article Display - Toolbar Structure Toggle Button style regression vs Drupal 11 Gin","Structure Article Display","dark + light","Toolbar Structure Toggle Button","button.toolbar-link.toolbar-link--system-admin-structure","http://drupal-11.3.10.ddev.site/admin/structure/types/manage/article/display","http://drupal-12-git.ddev.site:8080/admin/structure/types/manage/article/display","light: fontSize: -100.0% | lineHeight: -100.0% | paddingY: -100.0% | paddingX: -100.0% | width: -100.0% | height: -100.0% | count: -1 (-100.0%) | dark: fontSize: -100.0% | lineHeight: -100.0% | paddingY: -100.0% | paddingX: -100.0% | width: -100.0% | height: -100.0% | count: -1 (-100.0%)","unknown","http://drupal-11.3.10.ddev.site/sites/default/files/css/css_1DQbg4Z9DPA9y40hmM4G9bdIpDfJJB1v-pQQ6d5wM9g.css | http://drupal-11.3.10.ddev.site/sites/default/files/css/css_r2VXENDU-6K0pnIkJsMriWcizmntRVI_F4wKxxstKkM.css","","","","","/html[1]/body[1]/aside[1]/nav[1]/div[4]/ul[1]/li[1]/button[1]","<button class=""toolbar-link toolbar-link--has-icon toolbar-link--system-admin-structure""> <span class=""toolbar-link__action"">Extend</span> <span class=""toolbar-link__label"">Structure</span> </button>","","","baseline/structure-content-type-article-display__default__light__toolbar-structure-toggle.png",""
"83","Admin Theme (dark + light) Structure Menus - Button style regression vs Drupal 11 Gin","Structure Menus","dark + light","Button","button, input[type=""submit""], .button","http://drupal-11.3.10.ddev.site/admin/structure/menu","http://drupal-12-git.ddev.site:8080/admin/structure/menu","light: lineHeight: -5.9% | paddingY: 40.4% | paddingX: 41.0% | width: 32.9% | height: 15.1% | dark: lineHeight: -5.9% | paddingY: 40.4% | paddingX: 41.0% | width: 32.9% | height: 15.1%","http://drupal-git.ddev.site:8080/sites/default/files/css/css_QBfhADn2w8dDrWVjuoq9WyDR7v36NJE-ThgH9YZ1haI.css | http://drupal-git.ddev.site:8080/sites/default/files/css/css_TwkthHK5fMOLDBR92pYhSmHj4w5qy3QrqmDOnh7ZvMU.css","http://drupal-11.3.10.ddev.site/sites/default/files/css/css_d-SP_8sxHxMVXI3XsoALjYTDVCjsYlccKSC2XVlAKPA.css | http://drupal-11.3.10.ddev.site/sites/default/files/css/css_jCbHPfzUcPdgQs_29JjfWM9gg6XXE2s20hWDS4A23gk.css","http://drupal-git.ddev.site:8080/sites/default/files/css/css_QBfhADn2w8dDrWVjuoq9WyDR7v36NJE-ThgH9YZ1haI.css | http://drupal-git.ddev.site:8080/sites/default/files/css/css_TwkthHK5fMOLDBR92pYhSmHj4w5qy3QrqmDOnh7ZvMU.css","high","button, input, optgroup, select, textarea","line-height: 17px; /* current ~16px */ | padding-block: 14.3px; /* current ~20px */ | padding-inline: 19.5px; /* current ~27.5px */ | min-height: 34.8px; /* current ~40px */","/html[1]/body[1]/aside[1]/nav[1]/div[2]/ul[1]/li[1]/button[1]","<button class=""toolbar-link toolbar-link--has-icon toolbar-link--create""> <span class=""toolbar-link__action"">Extend</span> <span class=""toolbar-link__label"">Create</span> </button>","/html[1]/body[1]/aside[1]/nav[1]/div[1]/div[2]/ul[1]/li[1]/button[1]","<button aria-expanded=""false"" aria-controls=""navigation-link--navigationcreate-1305022686"" data-toolbar-popover-control="""" data-has-safe-triangle="""" data-component-id=""navigation:toolbar-button"" data-index-text=""c"" data-icon-text=""Cr"" class=""toolbar-button toolbar-button--icon--navigation-create toolbar-button--expand--side toolbar-button--collapsible toolbar-popover__control"" data-once=""safe-triangle""> <svg width=""20"" height=""20"" viewBox=""0 0 24 24"" fill=""none"" class=""toolbar-button__icon"" aria-hidden=""true""> <path d=""M12 2.25C10.0716 2.25 8.18657 2.82183 6.58319 3.89317C4.97982 4.96452 3.73013 6.48726 2.99218 8.26884C2.25422 10.0504 2.06114 12.0108 2.43735 13.9021C2.81355 15.7934 3.74215 17.5307 5.10571 18.8943C6.46928 20.2579 8.20656 21.1865 10.0979 21.5627C11.9892 21.9389 13.9496 21.74","baseline/structure-menus__default__light__button.png","candidate/structure-menus__default__light__button.png"
"84","Admin Theme (dark + light) Structure Menus - Dropbutton Wrapper style regression vs Drupal 11 Gin","Structure Menus","dark + light","Dropbutton Wrapper",".dropbutton-wrapper.dropbutton-multiple, .dropbutton-wrapper","http://drupal-11.3.10.ddev.site/admin/structure/menu","http://drupal-12-git.ddev.site:8080/admin/structure/menu","light: count: +2 (40.0%) | dark: count: +2 (40.0%)","core/themes/default_admin/css/components/dropbutton.css | core/themes/default_admin/css/components/dropbutton.pcss.css | core/themes/default_admin/css/components/views-ui.css | core/themes/default_admin/css/components/views-ui.pcss.css","http://drupal-11.3.10.ddev.site/sites/default/files/css/css_d-SP_8sxHxMVXI3XsoALjYTDVCjsYlccKSC2XVlAKPA.css | http://drupal-11.3.10.ddev.site/sites/default/files/css/css_jCbHPfzUcPdgQs_29JjfWM9gg6XXE2s20hWDS4A23gk.css | http://drupal-11.3.10.ddev.site/sites/default/files/css/css_92ot4r8VwzMCzBRreiG8ryjZuwyROzI88VVjL7S8YzY.css","http://drupal-git.ddev.site:8080/sites/default/files/css/css_TwkthHK5fMOLDBR92pYhSmHj4w5qy3QrqmDOnh7ZvMU.css","","","","/html[1]/body[1]/div[2]/div[5]/main[1]/div[4]/div[1]/div[1]/div[1]/table[1]/tbody[1]/tr[1]/td[3]/div[1]","<div class=""dropbutton-wrapper dropbutton-multiple"" data-drupal-ajax-container="""" data-once=""dropbutton ginDropbutton""> <div class=""dropbutton-widget""><ul class=""dropbutton dropbutton--extrasmall dropbutton--multiple dropbutton--gin""> <li class=""edit dropbutton__item dropbutton-action""><a href=""/admin/structure/menu/manage/admin"" aria-label=""Edit Administration"">Edit menu</a></li><li class=""dropbutton-toggle""><button type=""button"" class=""dropbutton__toggle""><span class=""visually-hidden"">List additional actions</span></button></li> <li class=""dropbutton__item dropbutton-action secondary-action""> <ul class=""dropbutton__items"" style=""position: absolute; overflow-y: auto; top: 100%; bottom: auto; max-height: 691px;""> <li class=""add dropbutton__item dropbutton-action secondary-action""><a href=""","/html[1]/body[1]/div[4]/div[2]/main[1]/div[4]/div[1]/div[1]/div[1]/table[1]/tbody[1]/tr[1]/td[3]/div[1]","<div class=""dropbutton-wrapper dropbutton-multiple"" data-drupal-ajax-container="""" data-once=""dropbutton ginDropbutton""> <div class=""dropbutton-widget""><ul class=""dropbutton dropbutton--extrasmall dropbutton--multiple dropbutton--gin""> <li class=""edit dropbutton__item dropbutton-action""><a href=""/admin/structure/menu/manage/admin"" aria-label=""Edit Administration"">Edit menu</a></li><li class=""dropbutton-toggle""><button type=""button"" class=""dropbutton__toggle""><span class=""visually-hidden"">List additional actions</span></button></li> <li class=""dropbutton__item dropbutton-action secondary-action""> <ul class=""dropbutton__items"" style=""position: fixed; left: 1169.02px; right: auto; top: 296px;""> <li class=""add dropbutton__item dropbutton-action secondary-action""><a href=""/admin/structure/menu/m","baseline/structure-menus__default__light__dropbutton-wrapper.png","candidate/structure-menus__default__light__dropbutton-wrapper.png"
"85","Admin Theme (dark + light) Structure Menus - Dropbutton Primary Action Link style regression vs Drupal 11 Gin","Structure Menus","dark + light","Dropbutton Primary Action Link",".dropbutton-wrapper .dropbutton__item.dropbutton-action > a","http://drupal-11.3.10.ddev.site/admin/structure/menu","http://drupal-12-git.ddev.site:8080/admin/structure/menu","light: paddingX: -17.4% | count: +2 (33.3%) | dark: paddingX: -17.4% | count: +2 (33.3%)","core/themes/default_admin/css/base/elements.css | core/themes/default_admin/css/base/elements.pcss.css | core/themes/default_admin/css/components/dropbutton.css | core/themes/default_admin/css/components/dropbutton.pcss.css | core/themes/default_admin/css/base/print.css | core/themes/default_admin/css/base/print.pcss.css","http://drupal-11.3.10.ddev.site/sites/default/files/css/css_d-SP_8sxHxMVXI3XsoALjYTDVCjsYlccKSC2XVlAKPA.css | http://drupal-11.3.10.ddev.site/sites/default/files/css/css_jCbHPfzUcPdgQs_29JjfWM9gg6XXE2s20hWDS4A23gk.css | http://drupal-11.3.10.ddev.site/sites/default/files/css/css_92ot4r8VwzMCzBRreiG8ryjZuwyROzI88VVjL7S8YzY.css","http://drupal-git.ddev.site:8080/sites/default/files/css/css_QBfhADn2w8dDrWVjuoq9WyDR7v36NJE-ThgH9YZ1haI.css | http://drupal-git.ddev.site:8080/sites/default/files/css/css_TwkthHK5fMOLDBR92pYhSmHj4w5qy3QrqmDOnh7ZvMU.css","","","","/html[1]/body[1]/div[2]/div[5]/main[1]/div[4]/div[1]/div[1]/div[1]/table[1]/tbody[1]/tr[1]/td[3]/div[1]/div[1]/ul[1]/li[1]/a[1]","<a href=""/admin/structure/menu/manage/admin"" aria-label=""Edit Administration"">Edit menu</a>","/html[1]/body[1]/div[4]/div[2]/main[1]/div[4]/div[1]/div[1]/div[1]/table[1]/tbody[1]/tr[1]/td[3]/div[1]/div[1]/ul[1]/li[1]/a[1]","<a href=""/admin/structure/menu/manage/admin"" aria-label=""Edit Administration"">Edit menu</a>","baseline/structure-menus__default__light__dropbutton-primary-action.png","candidate/structure-menus__default__light__dropbutton-primary-action.png"
"86","Admin Theme (dark + light) Structure Menus - Dropbutton Toggle Button style regression vs Drupal 11 Gin","Structure Menus","dark + light","Dropbutton Toggle Button",".dropbutton-wrapper .dropbutton__toggle, .dropbutton-toggle button.dropbutton__toggle","http://drupal-11.3.10.ddev.site/admin/structure/menu","http://drupal-12-git.ddev.site:8080/admin/structure/menu","light: fontSize: -12.5% | count: +2 (40.0%) | dark: fontSize: -12.5% | count: +2 (40.0%)","core/themes/default_admin/css/components/dropbutton.css | core/themes/default_admin/css/components/dropbutton.pcss.css","http://drupal-11.3.10.ddev.site/sites/default/files/css/css_d-SP_8sxHxMVXI3XsoALjYTDVCjsYlccKSC2XVlAKPA.css | http://drupal-11.3.10.ddev.site/sites/default/files/css/css_jCbHPfzUcPdgQs_29JjfWM9gg6XXE2s20hWDS4A23gk.css | http://drupal-11.3.10.ddev.site/sites/default/files/css/css_92ot4r8VwzMCzBRreiG8ryjZuwyROzI88VVjL7S8YzY.css","http://drupal-git.ddev.site:8080/sites/default/files/css/css_QBfhADn2w8dDrWVjuoq9WyDR7v36NJE-ThgH9YZ1haI.css | http://drupal-git.ddev.site:8080/sites/default/files/css/css_TwkthHK5fMOLDBR92pYhSmHj4w5qy3QrqmDOnh7ZvMU.css","","","","/html[1]/body[1]/div[2]/div[5]/main[1]/div[4]/div[1]/div[1]/div[1]/table[1]/tbody[1]/tr[1]/td[3]/div[1]/div[1]/ul[1]/li[2]/button[1]","<button type=""button"" class=""dropbutton__toggle""><span class=""visually-hidden"">List additional actions</span></button>","/html[1]/body[1]/div[4]/div[2]/main[1]/div[4]/div[1]/div[1]/div[1]/table[1]/tbody[1]/tr[1]/td[3]/div[1]/div[1]/ul[1]/li[2]/button[1]","<button type=""button"" class=""dropbutton__toggle""><span class=""visually-hidden"">List additional actions</span></button>","",""
"87","Admin Theme (dark + light) Structure Menus - Dropbutton Secondary Action Link style regression vs Drupal 11 Gin","Structure Menus","dark + light","Dropbutton Secondary Action Link",".dropbutton-wrapper .dropbutton__items .dropbutton__item a","http://drupal-11.3.10.ddev.site/admin/structure/menu","http://drupal-12-git.ddev.site:8080/admin/structure/menu","light: width: 25.3% | dark: width: 25.3%","core/themes/default_admin/css/base/elements.css | core/themes/default_admin/css/base/elements.pcss.css | core/themes/default_admin/css/base/print.css | core/themes/default_admin/css/base/print.pcss.css","http://drupal-11.3.10.ddev.site/sites/default/files/css/css_d-SP_8sxHxMVXI3XsoALjYTDVCjsYlccKSC2XVlAKPA.css | http://drupal-11.3.10.ddev.site/sites/default/files/css/css_jCbHPfzUcPdgQs_29JjfWM9gg6XXE2s20hWDS4A23gk.css | http://drupal-11.3.10.ddev.site/sites/default/files/css/css_92ot4r8VwzMCzBRreiG8ryjZuwyROzI88VVjL7S8YzY.css","http://drupal-git.ddev.site:8080/sites/default/files/css/css_QBfhADn2w8dDrWVjuoq9WyDR7v36NJE-ThgH9YZ1haI.css | http://drupal-git.ddev.site:8080/sites/default/files/css/css_TwkthHK5fMOLDBR92pYhSmHj4w5qy3QrqmDOnh7ZvMU.css","","","","/html[1]/body[1]/div[2]/div[5]/main[1]/div[4]/div[1]/div[1]/div[1]/table[1]/tbody[1]/tr[3]/td[3]/div[1]/div[1]/ul[1]/li[3]/ul[1]/li[1]/a[1]","<a href=""/admin/structure/menu/manage/main/add?destination=/admin/structure/menu/manage/main"">Add link</a>","/html[1]/body[1]/div[4]/div[2]/main[1]/div[4]/div[1]/div[1]/div[1]/table[1]/tbody[1]/tr[3]/td[3]/div[1]/div[1]/ul[1]/li[3]/ul[1]/li[1]/a[1]","<a href=""/admin/structure/menu/manage/footer/add?destination=/admin/structure/menu/manage/footer"">Add link</a>","baseline/structure-menus__default__light__dropbutton-secondary-action.png","candidate/structure-menus__default__light__dropbutton-secondary-action.png"
"88","Admin Theme (dark + light) Structure Menus - Toolbar Structure Toggle Button style regression vs Drupal 11 Gin","Structure Menus","dark + light","Toolbar Structure Toggle Button","button.toolbar-link.toolbar-link--system-admin-structure","http://drupal-11.3.10.ddev.site/admin/structure/menu","http://drupal-12-git.ddev.site:8080/admin/structure/menu","light: fontSize: -100.0% | lineHeight: -100.0% | paddingY: -100.0% | paddingX: -100.0% | width: -100.0% | height: -100.0% | count: -1 (-100.0%) | dark: fontSize: -100.0% | lineHeight: -100.0% | paddingY: -100.0% | paddingX: -100.0% | width: -100.0% | height: -100.0% | count: -1 (-100.0%)","unknown","http://drupal-11.3.10.ddev.site/sites/default/files/css/css_d-SP_8sxHxMVXI3XsoALjYTDVCjsYlccKSC2XVlAKPA.css | http://drupal-11.3.10.ddev.site/sites/default/files/css/css_jCbHPfzUcPdgQs_29JjfWM9gg6XXE2s20hWDS4A23gk.css","","","","","/html[1]/body[1]/aside[1]/nav[1]/div[4]/ul[1]/li[1]/button[1]","<button class=""toolbar-link toolbar-link--has-icon toolbar-link--system-admin-structure""> <span class=""toolbar-link__action"">Extend</span> <span class=""toolbar-link__label"">Structure</span> </button>","","","baseline/structure-menus__default__light__toolbar-structure-toggle.png",""
"89","Admin Theme (dark + light) Structure Admin Menu - Required Marker (*) style regression vs Drupal 11 Gin","Structure Admin Menu","dark + light","Required Marker (*)","label.form-required, .form-required","http://drupal-11.3.10.ddev.site/admin/structure/menu/manage/admin","http://drupal-12-git.ddev.site:8080/admin/structure/menu/manage/admin","light: width: 2269.4% | dark: width: 2269.4%","core/themes/default_admin/css/components/form.css | core/themes/default_admin/css/components/form.pcss.css | core/themes/default_admin/css/components/tables.css | core/themes/default_admin/css/components/tables.pcss.css","http://drupal-11.3.10.ddev.site/sites/default/files/css/css_jCbHPfzUcPdgQs_29JjfWM9gg6XXE2s20hWDS4A23gk.css | http://drupal-11.3.10.ddev.site/sites/default/files/css/css_92ot4r8VwzMCzBRreiG8ryjZuwyROzI88VVjL7S8YzY.css","http://drupal-git.ddev.site:8080/sites/default/files/css/css_LxgsxtyChIdi0pZuIoZxdfReWzQuwQSWNhF3N54e2KQ.css","","","","/html[1]/body[1]/div[2]/div[5]/main[1]/div[4]/div[1]/form[1]/div[1]/label[1]","<label for=""edit-label"" class=""form-item__label js-form-required form-required"">Title</label>","/html[1]/body[1]/div[4]/div[2]/main[1]/div[4]/div[1]/form[1]/div[1]/label[1]","<label for=""edit-label"" class=""form-item__label js-form-required form-required"">Title</label>","baseline/structure-menu-admin__default__light__required-marker.png","candidate/structure-menu-admin__default__light__required-marker.png"
"90","Admin Theme (dark + light) Structure Admin Menu - Button style regression vs Drupal 11 Gin","Structure Admin Menu","dark + light","Button","button, input[type=""submit""], .button","http://drupal-11.3.10.ddev.site/admin/structure/menu/manage/admin","http://drupal-12-git.ddev.site:8080/admin/structure/menu/manage/admin","light: lineHeight: -9.9% | paddingY: 42.9% | paddingX: 52.8% | width: 23.2% | height: 14.3% | dark: lineHeight: -9.9% | paddingY: 42.9% | paddingX: 52.8% | width: 23.2% | height: 14.3%","http://drupal-git.ddev.site:8080/sites/default/files/css/css_QBfhADn2w8dDrWVjuoq9WyDR7v36NJE-ThgH9YZ1haI.css | http://drupal-git.ddev.site:8080/sites/default/files/css/css_LxgsxtyChIdi0pZuIoZxdfReWzQuwQSWNhF3N54e2KQ.css","http://drupal-11.3.10.ddev.site/sites/default/files/css/css_sSUiVmHDibpX2N6m_mm6Ma_gzLplWUJJTaD9FQ0PR2s.css | http://drupal-11.3.10.ddev.site/sites/default/files/css/css_jCbHPfzUcPdgQs_29JjfWM9gg6XXE2s20hWDS4A23gk.css","http://drupal-git.ddev.site:8080/sites/default/files/css/css_QBfhADn2w8dDrWVjuoq9WyDR7v36NJE-ThgH9YZ1haI.css | http://drupal-git.ddev.site:8080/sites/default/files/css/css_LxgsxtyChIdi0pZuIoZxdfReWzQuwQSWNhF3N54e2KQ.css","high","button, input, optgroup, select, textarea","line-height: 17.8px; /* current ~16px */ | padding-block: 14px; /* current ~20px */ | padding-inline: 18px; /* current ~27.5px */ | min-height: 35px; /* current ~40px */","/html[1]/body[1]/aside[1]/nav[1]/div[2]/ul[1]/li[1]/button[1]","<button class=""toolbar-link toolbar-link--has-icon toolbar-link--create""> <span class=""toolbar-link__action"">Extend</span> <span class=""toolbar-link__label"">Create</span> </button>","/html[1]/body[1]/aside[1]/nav[1]/div[1]/div[2]/ul[1]/li[1]/button[1]","<button aria-expanded=""false"" aria-controls=""navigation-link--navigationcreate-1305022686"" data-toolbar-popover-control="""" data-has-safe-triangle="""" data-component-id=""navigation:toolbar-button"" data-index-text=""c"" data-icon-text=""Cr"" class=""toolbar-button toolbar-button--icon--navigation-create toolbar-button--expand--side toolbar-button--collapsible toolbar-popover__control"" data-once=""safe-triangle""> <svg width=""20"" height=""20"" viewBox=""0 0 24 24"" fill=""none"" class=""toolbar-button__icon"" aria-hidden=""true""> <path d=""M12 2.25C10.0716 2.25 8.18657 2.82183 6.58319 3.89317C4.97982 4.96452 3.73013 6.48726 2.99218 8.26884C2.25422 10.0504 2.06114 12.0108 2.43735 13.9021C2.81355 15.7934 3.74215 17.5307 5.10571 18.8943C6.46928 20.2579 8.20656 21.1865 10.0979 21.5627C11.9892 21.9389 13.9496 21.74","baseline/structure-menu-admin__default__light__button.png","candidate/structure-menu-admin__default__light__button.png"
"91","Admin Theme (dark + light) Structure Admin Menu - Table Header Cell style regression vs Drupal 11 Gin","Structure Admin Menu","dark + light","Table Header Cell","table thead th","http://drupal-11.3.10.ddev.site/admin/structure/menu/manage/admin","http://drupal-12-git.ddev.site:8080/admin/structure/menu/manage/admin","light: height: 13.2% | dark: height: 13.2%","core/themes/default_admin/css/components/tables.css | core/themes/default_admin/css/components/tables.pcss.css","http://drupal-11.3.10.ddev.site/sites/default/files/css/css_jCbHPfzUcPdgQs_29JjfWM9gg6XXE2s20hWDS4A23gk.css | http://drupal-11.3.10.ddev.site/sites/default/files/css/css_92ot4r8VwzMCzBRreiG8ryjZuwyROzI88VVjL7S8YzY.css","http://drupal-git.ddev.site:8080/sites/default/files/css/css_LxgsxtyChIdi0pZuIoZxdfReWzQuwQSWNhF3N54e2KQ.css","","","","/html[1]/body[1]/div[2]/div[5]/main[1]/div[4]/div[1]/form[1]/div[4]/div[2]/table[1]/thead[1]/tr[1]/th[1]","<th class=""th__menu-link"">Menu link </th>","/html[1]/body[1]/div[4]/div[2]/main[1]/div[4]/div[1]/form[1]/div[4]/div[2]/table[1]/thead[1]/tr[1]/th[1]","<th class=""th__menu-link"">Menu link </th>","baseline/structure-menu-admin__default__light__table-header.png","candidate/structure-menu-admin__default__light__table-header.png"
"92","Admin Theme (dark + light) Structure Admin Menu - Form Label style regression vs Drupal 11 Gin","Structure Admin Menu","dark + light","Form Label","label","http://drupal-11.3.10.ddev.site/admin/structure/menu/manage/admin","http://drupal-12-git.ddev.site:8080/admin/structure/menu/manage/admin","light: width: 1274.9% | height: -69.2% | count: -6 (-75.0%) | dark: width: 1274.9% | height: -69.2% | count: -6 (-75.0%)","core/themes/default_admin/css/components/form.css | core/themes/default_admin/css/components/form.pcss.css | core/themes/default_admin/css/components/tables.css | core/themes/default_admin/css/components/tables.pcss.css","http://drupal-11.3.10.ddev.site/sites/default/files/css/css_jCbHPfzUcPdgQs_29JjfWM9gg6XXE2s20hWDS4A23gk.css | http://drupal-11.3.10.ddev.site/sites/default/files/css/css_92ot4r8VwzMCzBRreiG8ryjZuwyROzI88VVjL7S8YzY.css","http://drupal-git.ddev.site:8080/sites/default/files/css/css_LxgsxtyChIdi0pZuIoZxdfReWzQuwQSWNhF3N54e2KQ.css","","","","/html[1]/body[1]/div[2]/div[5]/main[1]/div[4]/div[1]/form[1]/div[1]/label[1]","<label for=""edit-label"" class=""form-item__label js-form-required form-required"">Title</label>","/html[1]/body[1]/div[4]/div[2]/main[1]/div[4]/div[1]/form[1]/div[1]/label[1]","<label for=""edit-label"" class=""form-item__label js-form-required form-required"">Title</label>","baseline/structure-menu-admin__default__light__label.png","candidate/structure-menu-admin__default__light__label.png"
"93","Admin Theme (dark + light) Structure Admin Menu - Dropbutton Wrapper style regression vs Drupal 11 Gin","Structure Admin Menu","dark + light","Dropbutton Wrapper",".dropbutton-wrapper.dropbutton-multiple, .dropbutton-wrapper","http://drupal-11.3.10.ddev.site/admin/structure/menu/manage/admin","http://drupal-12-git.ddev.site:8080/admin/structure/menu/manage/admin","light: width: -22.0% | dark: width: -22.0%","core/themes/default_admin/css/components/dropbutton.css | core/themes/default_admin/css/components/dropbutton.pcss.css | core/themes/default_admin/css/components/views-ui.css | core/themes/default_admin/css/components/views-ui.pcss.css","http://drupal-11.3.10.ddev.site/sites/default/files/css/css_sSUiVmHDibpX2N6m_mm6Ma_gzLplWUJJTaD9FQ0PR2s.css | http://drupal-11.3.10.ddev.site/sites/default/files/css/css_jCbHPfzUcPdgQs_29JjfWM9gg6XXE2s20hWDS4A23gk.css | http://drupal-11.3.10.ddev.site/sites/default/files/css/css_92ot4r8VwzMCzBRreiG8ryjZuwyROzI88VVjL7S8YzY.css","http://drupal-git.ddev.site:8080/sites/default/files/css/css_LxgsxtyChIdi0pZuIoZxdfReWzQuwQSWNhF3N54e2KQ.css","","","","/html[1]/body[1]/div[2]/div[5]/main[1]/div[4]/div[1]/form[1]/div[4]/div[2]/table[1]/tbody[1]/tr[1]/td[4]/div[1]","<div class=""dropbutton-wrapper dropbutton-multiple"" data-drupal-ajax-container="""" data-once=""dropbutton ginDropbutton""> <div class=""dropbutton-widget""><ul data-drupal-selector=""edit-links-menu-plugin-idsystemadmin-operations"" class=""dropbutton dropbutton--extrasmall dropbutton--multiple dropbutton--gin""> <li class=""edit dropbutton__item dropbutton-action""><a href=""/admin/structure/menu/link/system.admin/edit?destination=/admin/structure/menu/manage/admin"">Edit</a></li><li class=""dropbutton-toggle""><button type=""button"" class=""dropbutton__toggle""><span class=""visually-hidden"">List additional actions</span></button></li> <li class=""dropbutton__item dropbutton-action secondary-action""> <ul class=""dropbutton__items"" style=""position: absolute; overflow-y: auto; top: 100%; bottom: auto; max-heig","/html[1]/body[1]/div[4]/div[2]/main[1]/div[4]/div[1]/form[1]/div[4]/div[2]/table[1]/tbody[1]/tr[1]/td[4]/div[1]","<div class=""dropbutton-wrapper dropbutton-multiple"" data-drupal-ajax-container="""" data-once=""dropbutton ginDropbutton""> <div class=""dropbutton-widget""><ul data-drupal-selector=""edit-links-menu-plugin-idsystemadmin-operations"" class=""dropbutton dropbutton--extrasmall dropbutton--multiple dropbutton--gin""> <li class=""edit dropbutton__item dropbutton-action""><a href=""/admin/structure/menu/link/system.admin/edit?destination=/admin/structure/menu/manage/admin"">Edit</a></li><li class=""dropbutton-toggle""><button type=""button"" class=""dropbutton__toggle""><span class=""visually-hidden"">List additional actions</span></button></li> <li class=""dropbutton__item dropbutton-action secondary-action""> <ul class=""dropbutton__items"" style=""position: fixed; left: 1152.48px; right: auto; top: 506px;""> <li class=","baseline/structure-menu-admin__default__light__dropbutton-wrapper.png","candidate/structure-menu-admin__default__light__dropbutton-wrapper.png"
"94","Admin Theme (dark + light) Structure Admin Menu - Dropbutton Primary Action Link style regression vs Drupal 11 Gin","Structure Admin Menu","dark + light","Dropbutton Primary Action Link",".dropbutton-wrapper .dropbutton__item.dropbutton-action > a","http://drupal-11.3.10.ddev.site/admin/structure/menu/manage/admin","http://drupal-12-git.ddev.site:8080/admin/structure/menu/manage/admin","light: paddingX: -17.6% | width: -22.9% | dark: paddingY: 13.8% | paddingX: -18.3% | width: -19.8%","core/themes/default_admin/css/base/elements.css | core/themes/default_admin/css/base/elements.pcss.css | core/themes/default_admin/css/components/dropbutton.css | core/themes/default_admin/css/components/dropbutton.pcss.css | core/themes/default_admin/css/base/print.css | core/themes/default_admin/css/base/print.pcss.css","http://drupal-11.3.10.ddev.site/sites/default/files/css/css_sSUiVmHDibpX2N6m_mm6Ma_gzLplWUJJTaD9FQ0PR2s.css | http://drupal-11.3.10.ddev.site/sites/default/files/css/css_jCbHPfzUcPdgQs_29JjfWM9gg6XXE2s20hWDS4A23gk.css | http://drupal-11.3.10.ddev.site/sites/default/files/css/css_92ot4r8VwzMCzBRreiG8ryjZuwyROzI88VVjL7S8YzY.css","http://drupal-git.ddev.site:8080/sites/default/files/css/css_QBfhADn2w8dDrWVjuoq9WyDR7v36NJE-ThgH9YZ1haI.css | http://drupal-git.ddev.site:8080/sites/default/files/css/css_LxgsxtyChIdi0pZuIoZxdfReWzQuwQSWNhF3N54e2KQ.css","","","","/html[1]/body[1]/div[2]/div[5]/main[1]/div[4]/div[1]/form[1]/div[4]/div[2]/table[1]/tbody[1]/tr[1]/td[4]/div[1]/div[1]/ul[1]/li[1]/a[1]","<a href=""/admin/structure/menu/link/system.admin/edit?destination=/admin/structure/menu/manage/admin"">Edit</a>","/html[1]/body[1]/div[4]/div[2]/main[1]/div[4]/div[1]/form[1]/div[4]/div[2]/table[1]/tbody[1]/tr[1]/td[4]/div[1]/div[1]/ul[1]/li[1]/a[1]","<a href=""/admin/structure/menu/link/system.admin/edit?destination=/admin/structure/menu/manage/admin"">Edit</a>","baseline/structure-menu-admin__default__light__dropbutton-primary-action.png","candidate/structure-menu-admin__default__light__dropbutton-primary-action.png"
"95","Admin Theme (dark + light) Structure Admin Menu - Dropbutton Toggle Button style regression vs Drupal 11 Gin","Structure Admin Menu","dark + light","Dropbutton Toggle Button",".dropbutton-wrapper .dropbutton__toggle, .dropbutton-toggle button.dropbutton__toggle","http://drupal-11.3.10.ddev.site/admin/structure/menu/manage/admin","http://drupal-12-git.ddev.site:8080/admin/structure/menu/manage/admin","light: fontSize: -12.5% | dark: fontSize: -12.5%","core/themes/default_admin/css/components/dropbutton.css | core/themes/default_admin/css/components/dropbutton.pcss.css","http://drupal-11.3.10.ddev.site/sites/default/files/css/css_sSUiVmHDibpX2N6m_mm6Ma_gzLplWUJJTaD9FQ0PR2s.css | http://drupal-11.3.10.ddev.site/sites/default/files/css/css_jCbHPfzUcPdgQs_29JjfWM9gg6XXE2s20hWDS4A23gk.css | http://drupal-11.3.10.ddev.site/sites/default/files/css/css_92ot4r8VwzMCzBRreiG8ryjZuwyROzI88VVjL7S8YzY.css","http://drupal-git.ddev.site:8080/sites/default/files/css/css_QBfhADn2w8dDrWVjuoq9WyDR7v36NJE-ThgH9YZ1haI.css | http://drupal-git.ddev.site:8080/sites/default/files/css/css_LxgsxtyChIdi0pZuIoZxdfReWzQuwQSWNhF3N54e2KQ.css","","","","/html[1]/body[1]/div[2]/div[5]/main[1]/div[4]/div[1]/form[1]/div[4]/div[2]/table[1]/tbody[1]/tr[1]/td[4]/div[1]/div[1]/ul[1]/li[2]/button[1]","<button type=""button"" class=""dropbutton__toggle""><span class=""visually-hidden"">List additional actions</span></button>","/html[1]/body[1]/div[4]/div[2]/main[1]/div[4]/div[1]/form[1]/div[4]/div[2]/table[1]/tbody[1]/tr[1]/td[4]/div[1]/div[1]/ul[1]/li[2]/button[1]","<button type=""button"" class=""dropbutton__toggle""><span class=""visually-hidden"">List additional actions</span></button>","",""
"96","Admin Theme (dark + light) Structure Admin Menu - Dropbutton Secondary Actions List style regression vs Drupal 11 Gin","Structure Admin Menu","dark + light","Dropbutton Secondary Actions List",".dropbutton-wrapper .dropbutton__items","http://drupal-11.3.10.ddev.site/admin/structure/menu/manage/admin","http://drupal-12-git.ddev.site:8080/admin/structure/menu/manage/admin","light: fontSize: 100.0% | lineHeight: 100.0% | paddingY: 100.0% | paddingX: 100.0% | width: 100.0% | height: 100.0% | count: +1 (100.0%) | dark: fontSize: 100.0% | lineHeight: 100.0% | paddingY: 100.0% | paddingX: 100.0% | width: 100.0% | height: 100.0% | count: +1 (100.0%)","http://drupal-git.ddev.site:8080/sites/default/files/css/css_LxgsxtyChIdi0pZuIoZxdfReWzQuwQSWNhF3N54e2KQ.css","http://drupal-11.3.10.ddev.site/sites/default/files/css/css_jCbHPfzUcPdgQs_29JjfWM9gg6XXE2s20hWDS4A23gk.css | http://drupal-11.3.10.ddev.site/sites/default/files/css/css_92ot4r8VwzMCzBRreiG8ryjZuwyROzI88VVjL7S8YzY.css","http://drupal-git.ddev.site:8080/sites/default/files/css/css_LxgsxtyChIdi0pZuIoZxdfReWzQuwQSWNhF3N54e2KQ.css","","","","","","/html[1]/body[1]/div[4]/div[2]/main[1]/div[4]/div[1]/form[1]/div[4]/div[2]/table[1]/tbody[1]/tr[3]/td[4]/div[1]/div[1]/ul[1]/li[3]/ul[1]","<ul class=""dropbutton__items"" style=""position: fixed; left: 1092.73px; right: auto; top: 659px;""> <li class=""add-child dropbutton__item dropbutton-action secondary-action""><a href=""/admin/structure/menu/manage/admin/add?parent=system.admin_structure&amp;destination=/admin/structure/menu/manage/admin"">Add child</a></li> </ul>","","candidate/structure-menu-admin__default__light__dropbutton-secondary-list.png"
"97","Admin Theme (dark + light) Structure Admin Menu - Dropbutton Secondary Action Link style regression vs Drupal 11 Gin","Structure Admin Menu","dark + light","Dropbutton Secondary Action Link",".dropbutton-wrapper .dropbutton__items .dropbutton__item a","http://drupal-11.3.10.ddev.site/admin/structure/menu/manage/admin","http://drupal-12-git.ddev.site:8080/admin/structure/menu/manage/admin","light: fontSize: 100.0% | lineHeight: 100.0% | paddingY: 100.0% | paddingX: 100.0% | width: 100.0% | height: 100.0% | count: +1 (100.0%) | dark: fontSize: 100.0% | lineHeight: 100.0% | paddingY: 100.0% | paddingX: 100.0% | width: 100.0% | height: 100.0% | count: +1 (100.0%)","core/themes/default_admin/css/base/elements.css | core/themes/default_admin/css/base/elements.pcss.css | core/themes/default_admin/css/base/print.css | core/themes/default_admin/css/base/print.pcss.css","http://drupal-11.3.10.ddev.site/sites/default/files/css/css_sSUiVmHDibpX2N6m_mm6Ma_gzLplWUJJTaD9FQ0PR2s.css | http://drupal-11.3.10.ddev.site/sites/default/files/css/css_jCbHPfzUcPdgQs_29JjfWM9gg6XXE2s20hWDS4A23gk.css | http://drupal-11.3.10.ddev.site/sites/default/files/css/css_92ot4r8VwzMCzBRreiG8ryjZuwyROzI88VVjL7S8YzY.css","http://drupal-git.ddev.site:8080/sites/default/files/css/css_QBfhADn2w8dDrWVjuoq9WyDR7v36NJE-ThgH9YZ1haI.css | http://drupal-git.ddev.site:8080/sites/default/files/css/css_LxgsxtyChIdi0pZuIoZxdfReWzQuwQSWNhF3N54e2KQ.css","","","","","","/html[1]/body[1]/div[4]/div[2]/main[1]/div[4]/div[1]/form[1]/div[4]/div[2]/table[1]/tbody[1]/tr[3]/td[4]/div[1]/div[1]/ul[1]/li[3]/ul[1]/li[1]/a[1]","<a href=""/admin/structure/menu/manage/admin/add?parent=system.admin_structure&amp;destination=/admin/structure/menu/manage/admin"">Add child</a>","","candidate/structure-menu-admin__default__light__dropbutton-secondary-action.png"
"98","Admin Theme (dark + light) Structure Admin Menu - Toolbar Structure Toggle Button style regression vs Drupal 11 Gin","Structure Admin Menu","dark + light","Toolbar Structure Toggle Button","button.toolbar-link.toolbar-link--system-admin-structure","http://drupal-11.3.10.ddev.site/admin/structure/menu/manage/admin","http://drupal-12-git.ddev.site:8080/admin/structure/menu/manage/admin","light: fontSize: -100.0% | lineHeight: -100.0% | paddingY: -100.0% | paddingX: -100.0% | width: -100.0% | height: -100.0% | count: -1 (-100.0%) | dark: fontSize: -100.0% | lineHeight: -100.0% | paddingY: -100.0% | paddingX: -100.0% | width: -100.0% | height: -100.0% | count: -1 (-100.0%)","unknown","http://drupal-11.3.10.ddev.site/sites/default/files/css/css_sSUiVmHDibpX2N6m_mm6Ma_gzLplWUJJTaD9FQ0PR2s.css | http://drupal-11.3.10.ddev.site/sites/default/files/css/css_jCbHPfzUcPdgQs_29JjfWM9gg6XXE2s20hWDS4A23gk.css","","","","","/html[1]/body[1]/aside[1]/nav[1]/div[4]/ul[1]/li[1]/button[1]","<button class=""toolbar-link toolbar-link--has-icon toolbar-link--system-admin-structure""> <span class=""toolbar-link__action"">Extend</span> <span class=""toolbar-link__label"">Structure</span> </button>","","","baseline/structure-menu-admin__default__light__toolbar-structure-toggle.png",""
"99","Admin Theme (dark + light) Structure Taxonomy - Button style regression vs Drupal 11 Gin","Structure Taxonomy","dark + light","Button","button, input[type=""submit""], .button","http://drupal-11.3.10.ddev.site/admin/structure/taxonomy","http://drupal-12-git.ddev.site:8080/admin/structure/taxonomy","light: lineHeight: -5.1% | paddingY: 25.0% | paddingX: 33.7% | width: 14.9% | height: 10.2% | dark: lineHeight: -5.1% | paddingY: 25.0% | paddingX: 33.7% | width: 14.9% | height: 10.2%","http://drupal-git.ddev.site:8080/sites/default/files/css/css_SFzWad-OcQFszXrSs-4RuPgtLO8pLHTFFRrHqGeMGXU.css | http://drupal-git.ddev.site:8080/sites/default/files/css/css_TwkthHK5fMOLDBR92pYhSmHj4w5qy3QrqmDOnh7ZvMU.css","http://drupal-11.3.10.ddev.site/sites/default/files/css/css_Ji_ga5AK23Vpj4PsiOndE4LI-G_JA3DXVG2nn8fUpzQ.css | http://drupal-11.3.10.ddev.site/sites/default/files/css/css_jCbHPfzUcPdgQs_29JjfWM9gg6XXE2s20hWDS4A23gk.css","http://drupal-git.ddev.site:8080/sites/default/files/css/css_SFzWad-OcQFszXrSs-4RuPgtLO8pLHTFFRrHqGeMGXU.css | http://drupal-git.ddev.site:8080/sites/default/files/css/css_TwkthHK5fMOLDBR92pYhSmHj4w5qy3QrqmDOnh7ZvMU.css","high","button, input, optgroup, select, textarea","line-height: 16.9px; /* current ~16px */ | padding-block: 16px; /* current ~20px */ | padding-inline: 20.6px; /* current ~27.5px */ | min-height: 36.3px; /* current ~40px */","/html[1]/body[1]/aside[1]/nav[1]/div[2]/ul[1]/li[1]/button[1]","<button class=""toolbar-link toolbar-link--has-icon toolbar-link--create""> <span class=""toolbar-link__action"">Extend</span> <span class=""toolbar-link__label"">Create</span> </button>","/html[1]/body[1]/aside[1]/nav[1]/div[1]/div[2]/ul[1]/li[1]/button[1]","<button aria-expanded=""false"" aria-controls=""navigation-link--navigationcreate-1305022686"" data-toolbar-popover-control="""" data-has-safe-triangle="""" data-component-id=""navigation:toolbar-button"" data-index-text=""c"" data-icon-text=""Cr"" class=""toolbar-button toolbar-button--icon--navigation-create toolbar-button--expand--side toolbar-button--collapsible toolbar-popover__control"" data-once=""safe-triangle""> <svg width=""20"" height=""20"" viewBox=""0 0 24 24"" fill=""none"" class=""toolbar-button__icon"" aria-hidden=""true""> <path d=""M12 2.25C10.0716 2.25 8.18657 2.82183 6.58319 3.89317C4.97982 4.96452 3.73013 6.48726 2.99218 8.26884C2.25422 10.0504 2.06114 12.0108 2.43735 13.9021C2.81355 15.7934 3.74215 17.5307 5.10571 18.8943C6.46928 20.2579 8.20656 21.1865 10.0979 21.5627C11.9892 21.9389 13.9496 21.74","baseline/structure-taxonomy__default__light__button.png","candidate/structure-taxonomy__default__light__button.png"
"100","Admin Theme (dark + light) Structure Taxonomy - Dropbutton Toggle Button style regression vs Drupal 11 Gin","Structure Taxonomy","dark + light","Dropbutton Toggle Button",".dropbutton-wrapper .dropbutton__toggle, .dropbutton-toggle button.dropbutton__toggle","http://drupal-11.3.10.ddev.site/admin/structure/taxonomy","http://drupal-12-git.ddev.site:8080/admin/structure/taxonomy","light: fontSize: -12.5% | dark: fontSize: -12.5%","core/themes/default_admin/css/components/dropbutton.css | core/themes/default_admin/css/components/dropbutton.pcss.css","http://drupal-11.3.10.ddev.site/sites/default/files/css/css_Ji_ga5AK23Vpj4PsiOndE4LI-G_JA3DXVG2nn8fUpzQ.css | http://drupal-11.3.10.ddev.site/sites/default/files/css/css_jCbHPfzUcPdgQs_29JjfWM9gg6XXE2s20hWDS4A23gk.css | http://drupal-11.3.10.ddev.site/sites/default/files/css/css_92ot4r8VwzMCzBRreiG8ryjZuwyROzI88VVjL7S8YzY.css","http://drupal-git.ddev.site:8080/sites/default/files/css/css_SFzWad-OcQFszXrSs-4RuPgtLO8pLHTFFRrHqGeMGXU.css | http://drupal-git.ddev.site:8080/sites/default/files/css/css_TwkthHK5fMOLDBR92pYhSmHj4w5qy3QrqmDOnh7ZvMU.css","","","","/html[1]/body[1]/div[2]/div[5]/main[1]/div[4]/div[1]/div[1]/div[1]/table[1]/tbody[1]/tr[1]/td[3]/div[1]/div[1]/ul[1]/li[2]/button[1]","<button type=""button"" class=""dropbutton__toggle""><span class=""visually-hidden"">List additional actions</span></button>","/html[1]/body[1]/div[4]/div[2]/main[1]/div[4]/div[1]/div[1]/div[1]/table[1]/tbody[1]/tr[1]/td[3]/div[1]/div[1]/ul[1]/li[2]/button[1]","<button type=""button"" class=""dropbutton__toggle""><span class=""visually-hidden"">List additional actions</span></button>","",""
"101","Admin Theme (dark + light) Structure Taxonomy - Toolbar Structure Toggle Button style regression vs Drupal 11 Gin","Structure Taxonomy","dark + light","Toolbar Structure Toggle Button","button.toolbar-link.toolbar-link--system-admin-structure","http://drupal-11.3.10.ddev.site/admin/structure/taxonomy","http://drupal-12-git.ddev.site:8080/admin/structure/taxonomy","light: fontSize: -100.0% | lineHeight: -100.0% | paddingY: -100.0% | paddingX: -100.0% | width: -100.0% | height: -100.0% | count: -1 (-100.0%) | dark: fontSize: -100.0% | lineHeight: -100.0% | paddingY: -100.0% | paddingX: -100.0% | width: -100.0% | height: -100.0% | count: -1 (-100.0%)","unknown","http://drupal-11.3.10.ddev.site/sites/default/files/css/css_Ji_ga5AK23Vpj4PsiOndE4LI-G_JA3DXVG2nn8fUpzQ.css | http://drupal-11.3.10.ddev.site/sites/default/files/css/css_jCbHPfzUcPdgQs_29JjfWM9gg6XXE2s20hWDS4A23gk.css","","","","","/html[1]/body[1]/aside[1]/nav[1]/div[4]/ul[1]/li[1]/button[1]","<button class=""toolbar-link toolbar-link--has-icon toolbar-link--system-admin-structure""> <span class=""toolbar-link__action"">Extend</span> <span class=""toolbar-link__label"">Structure</span> </button>","","","baseline/structure-taxonomy__default__light__toolbar-structure-toggle.png",""
"102","Admin Theme (dark + light) Structure Views - Button style regression vs Drupal 11 Gin","Structure Views","dark + light","Button","button, input[type=""submit""], .button","http://drupal-11.3.10.ddev.site/admin/structure/views","http://drupal-12-git.ddev.site:8080/admin/structure/views","light: lineHeight: -5.9% | paddingY: 40.4% | paddingX: 41.0% | width: 33.5% | height: 15.1% | dark: lineHeight: -5.9% | paddingY: 40.4% | paddingX: 41.0% | width: 33.5% | height: 15.1%","http://drupal-git.ddev.site:8080/sites/default/files/css/css_1jxw8wr9LSzHFCJwU8jtTj7WpFAe3qYSFZfYuljAXf0.css | http://drupal-git.ddev.site:8080/sites/default/files/css/css_QpvbzsFrbV7TKL2CBrx2MGTLS5uTJ9WSrn5z5OZoHto.css | http://drupal-git.ddev.site:8080/sites/default/files/css/css_yhpDwMktZbZd_f0r0ONiLxUeyjNNx-oJa2r4FV6FgWE.css","http://drupal-11.3.10.ddev.site/sites/default/files/css/css_vimucnCg-QSzVrh45qNIjsXiuAYNVwJnBJzePKHQIKs.css | http://drupal-11.3.10.ddev.site/sites/default/files/css/css_CE7FiaAX6jKlr05eW3-2BmeQzUKTIox136iMilNj5cE.css","http://drupal-git.ddev.site:8080/sites/default/files/css/css_1jxw8wr9LSzHFCJwU8jtTj7WpFAe3qYSFZfYuljAXf0.css | http://drupal-git.ddev.site:8080/sites/default/files/css/css_QpvbzsFrbV7TKL2CBrx2MGTLS5uTJ9WSrn5z5OZoHto.css","high","button, input, optgroup, select, textarea","line-height: 17px; /* current ~16px */ | padding-block: 14.3px; /* current ~20px */ | padding-inline: 19.5px; /* current ~27.5px */ | min-height: 34.8px; /* current ~40px */","/html[1]/body[1]/aside[1]/nav[1]/div[2]/ul[1]/li[1]/button[1]","<button class=""toolbar-link toolbar-link--has-icon toolbar-link--create""> <span class=""toolbar-link__action"">Extend</span> <span class=""toolbar-link__label"">Create</span> </button>","/html[1]/body[1]/aside[1]/nav[1]/div[1]/div[2]/ul[1]/li[1]/button[1]","<button aria-expanded=""false"" aria-controls=""navigation-link--navigationcreate-1305022686"" data-toolbar-popover-control="""" data-has-safe-triangle="""" data-component-id=""navigation:toolbar-button"" data-index-text=""c"" data-icon-text=""Cr"" class=""toolbar-button toolbar-button--icon--navigation-create toolbar-button--expand--side toolbar-button--collapsible toolbar-popover__control"" data-once=""safe-triangle""> <svg width=""20"" height=""20"" viewBox=""0 0 24 24"" fill=""none"" class=""toolbar-button__icon"" aria-hidden=""true""> <path d=""M12 2.25C10.0716 2.25 8.18657 2.82183 6.58319 3.89317C4.97982 4.96452 3.73013 6.48726 2.99218 8.26884C2.25422 10.0504 2.06114 12.0108 2.43735 13.9021C2.81355 15.7934 3.74215 17.5307 5.10571 18.8943C6.46928 20.2579 8.20656 21.1865 10.0979 21.5627C11.9892 21.9389 13.9496 21.74","baseline/structure-views__default__light__button.png","candidate/structure-views__default__light__button.png"
"103","Admin Theme (dark + light) Structure Views - Form Label style regression vs Drupal 11 Gin","Structure Views","dark + light","Form Label","label","http://drupal-11.3.10.ddev.site/admin/structure/views","http://drupal-12-git.ddev.site:8080/admin/structure/views","light: fontSize: -100.0% | lineHeight: -100.0% | width: -100.0% | height: -100.0% | count: -1 (-100.0%) | dark: fontSize: -100.0% | lineHeight: -100.0% | width: -100.0% | height: -100.0% | count: -1 (-100.0%)","core/themes/default_admin/css/components/form.css | core/themes/default_admin/css/components/form.pcss.css | core/themes/default_admin/css/components/tables.css | core/themes/default_admin/css/components/tables.pcss.css","http://drupal-11.3.10.ddev.site/sites/default/files/css/css_vimucnCg-QSzVrh45qNIjsXiuAYNVwJnBJzePKHQIKs.css | http://drupal-11.3.10.ddev.site/sites/default/files/css/css_CE7FiaAX6jKlr05eW3-2BmeQzUKTIox136iMilNj5cE.css | http://drupal-11.3.10.ddev.site/sites/default/files/css/css_92ot4r8VwzMCzBRreiG8ryjZuwyROzI88VVjL7S8YzY.css","http://drupal-git.ddev.site:8080/sites/default/files/css/css_1jxw8wr9LSzHFCJwU8jtTj7WpFAe3qYSFZfYuljAXf0.css | http://drupal-git.ddev.site:8080/sites/default/files/css/css_QpvbzsFrbV7TKL2CBrx2MGTLS5uTJ9WSrn5z5OZoHto.css","","","","/html[1]/body[1]/div[2]/div[5]/main[1]/div[4]/div[1]/div[1]/div[1]/div[1]/label[1]","<label class=""form-item__label visually-hidden"">Filter</label>","","","",""
"104","Admin Theme (dark + light) Structure Views - Dropbutton Wrapper style regression vs Drupal 11 Gin","Structure Views","dark + light","Dropbutton Wrapper",".dropbutton-wrapper.dropbutton-multiple, .dropbutton-wrapper","http://drupal-11.3.10.ddev.site/admin/structure/views","http://drupal-12-git.ddev.site:8080/admin/structure/views","light: width: -22.0% | dark: width: -22.0%","core/themes/default_admin/css/components/dropbutton.css | core/themes/default_admin/css/components/dropbutton.pcss.css | core/themes/default_admin/css/components/views-ui.css | core/themes/default_admin/css/components/views-ui.pcss.css","http://drupal-11.3.10.ddev.site/sites/default/files/css/css_vimucnCg-QSzVrh45qNIjsXiuAYNVwJnBJzePKHQIKs.css | http://drupal-11.3.10.ddev.site/sites/default/files/css/css_CE7FiaAX6jKlr05eW3-2BmeQzUKTIox136iMilNj5cE.css | http://drupal-11.3.10.ddev.site/sites/default/files/css/css_92ot4r8VwzMCzBRreiG8ryjZuwyROzI88VVjL7S8YzY.css","http://drupal-git.ddev.site:8080/sites/default/files/css/css_QpvbzsFrbV7TKL2CBrx2MGTLS5uTJ9WSrn5z5OZoHto.css","","","","/html[1]/body[1]/div[2]/div[5]/main[1]/div[4]/div[1]/div[1]/div[2]/table[1]/tbody[1]/tr[1]/td[5]/div[1]","<div class=""dropbutton-wrapper dropbutton-multiple"" data-drupal-ajax-container="""" data-once=""dropbutton ginDropbutton""> <div class=""dropbutton-widget""><ul class=""dropbutton dropbutton--extrasmall dropbutton--multiple dropbutton--gin""> <li class=""edit dropbutton__item dropbutton-action""><a href=""/admin/structure/views/view/comment"" data-drupal-selector=""views-listing-comment"">Edit</a></li><li class=""dropbutton-toggle""><button type=""button"" class=""dropbutton__toggle""><span class=""visually-hidden"">List additional actions</span></button></li> <li class=""dropbutton__item dropbutton-action secondary-action""> <ul class=""dropbutton__items"" style=""position: absolute; overflow-y: auto; top: 100%; bottom: auto; max-height: 524.609px;""> <li class=""duplicate dropbutton__item dropbutton-action secondary","/html[1]/body[1]/div[4]/div[2]/main[1]/div[4]/div[1]/div[1]/div[2]/table[1]/tbody[1]/tr[1]/td[5]/div[1]","<div class=""dropbutton-wrapper dropbutton-multiple"" data-drupal-ajax-container="""" data-once=""dropbutton ginDropbutton""> <div class=""dropbutton-widget""><ul class=""dropbutton dropbutton--extrasmall dropbutton--multiple dropbutton--gin""> <li class=""edit dropbutton__item dropbutton-action""><a href=""/admin/structure/views/view/content"" data-drupal-selector=""views-listing-content"">Edit</a></li><li class=""dropbutton-toggle""><button type=""button"" class=""dropbutton__toggle""><span class=""visually-hidden"">List additional actions</span></button></li> <li class=""dropbutton__item dropbutton-action secondary-action""> <ul class=""dropbutton__items"" style=""position: fixed; left: auto; right: 76.0156px; top: 438.594px;""> <li class=""duplicate dropbutton__item dropbutton-action secondary-action""><a href=""/admi","baseline/structure-views__default__light__dropbutton-wrapper.png","candidate/structure-views__default__light__dropbutton-wrapper.png"
"105","Admin Theme (dark + light) Structure Views - Dropbutton Primary Action Link style regression vs Drupal 11 Gin","Structure Views","dark + light","Dropbutton Primary Action Link",".dropbutton-wrapper .dropbutton__item.dropbutton-action > a","http://drupal-11.3.10.ddev.site/admin/structure/views","http://drupal-12-git.ddev.site:8080/admin/structure/views","light: paddingX: -12.8% | width: -13.5% | dark: paddingX: -12.8% | width: -13.5%","core/themes/default_admin/css/base/elements.css | core/themes/default_admin/css/base/elements.pcss.css | core/themes/default_admin/css/components/dropbutton.css | core/themes/default_admin/css/components/dropbutton.pcss.css | core/themes/default_admin/css/base/print.css | core/themes/default_admin/css/base/print.pcss.css","http://drupal-11.3.10.ddev.site/sites/default/files/css/css_vimucnCg-QSzVrh45qNIjsXiuAYNVwJnBJzePKHQIKs.css | http://drupal-11.3.10.ddev.site/sites/default/files/css/css_CE7FiaAX6jKlr05eW3-2BmeQzUKTIox136iMilNj5cE.css | http://drupal-11.3.10.ddev.site/sites/default/files/css/css_92ot4r8VwzMCzBRreiG8ryjZuwyROzI88VVjL7S8YzY.css","http://drupal-git.ddev.site:8080/sites/default/files/css/css_1jxw8wr9LSzHFCJwU8jtTj7WpFAe3qYSFZfYuljAXf0.css | http://drupal-git.ddev.site:8080/sites/default/files/css/css_QpvbzsFrbV7TKL2CBrx2MGTLS5uTJ9WSrn5z5OZoHto.css","","","","/html[1]/body[1]/div[2]/div[5]/main[1]/div[4]/div[1]/div[1]/div[2]/table[1]/tbody[1]/tr[1]/td[5]/div[1]/div[1]/ul[1]/li[1]/a[1]","<a href=""/admin/structure/views/view/comment"" data-drupal-selector=""views-listing-comment"">Edit</a>","/html[1]/body[1]/div[4]/div[2]/main[1]/div[4]/div[1]/div[1]/div[2]/table[1]/tbody[1]/tr[3]/td[5]/div[1]/div[1]/ul[1]/li[3]/ul[1]/li[1]/a[1]","<a href=""/admin/structure/views/view/files/duplicate"" data-drupal-selector=""views-listing-files"">Duplicate</a>","baseline/structure-views__default__light__dropbutton-primary-action.png",""
"106","Admin Theme (dark + light) Structure Views - Dropbutton Toggle Button style regression vs Drupal 11 Gin","Structure Views","dark + light","Dropbutton Toggle Button",".dropbutton-wrapper .dropbutton__toggle, .dropbutton-toggle button.dropbutton__toggle","http://drupal-11.3.10.ddev.site/admin/structure/views","http://drupal-12-git.ddev.site:8080/admin/structure/views","light: fontSize: -12.5% | dark: fontSize: -12.5%","core/themes/default_admin/css/components/dropbutton.css | core/themes/default_admin/css/components/dropbutton.pcss.css","http://drupal-11.3.10.ddev.site/sites/default/files/css/css_vimucnCg-QSzVrh45qNIjsXiuAYNVwJnBJzePKHQIKs.css | http://drupal-11.3.10.ddev.site/sites/default/files/css/css_CE7FiaAX6jKlr05eW3-2BmeQzUKTIox136iMilNj5cE.css | http://drupal-11.3.10.ddev.site/sites/default/files/css/css_92ot4r8VwzMCzBRreiG8ryjZuwyROzI88VVjL7S8YzY.css","http://drupal-git.ddev.site:8080/sites/default/files/css/css_1jxw8wr9LSzHFCJwU8jtTj7WpFAe3qYSFZfYuljAXf0.css | http://drupal-git.ddev.site:8080/sites/default/files/css/css_QpvbzsFrbV7TKL2CBrx2MGTLS5uTJ9WSrn5z5OZoHto.css","","","","/html[1]/body[1]/div[2]/div[5]/main[1]/div[4]/div[1]/div[1]/div[2]/table[1]/tbody[1]/tr[1]/td[5]/div[1]/div[1]/ul[1]/li[2]/button[1]","<button type=""button"" class=""dropbutton__toggle""><span class=""visually-hidden"">List additional actions</span></button>","/html[1]/body[1]/div[4]/div[2]/main[1]/div[4]/div[1]/div[1]/div[2]/table[1]/tbody[1]/tr[4]/td[5]/div[1]/div[1]/ul[1]/li[2]/button[1]","<button type=""button"" class=""dropbutton__toggle""><span class=""visually-hidden"">List additional actions</span></button>","",""
"107","Admin Theme (dark + light) Structure Views - Toolbar Structure Toggle Button style regression vs Drupal 11 Gin","Structure Views","dark + light","Toolbar Structure Toggle Button","button.toolbar-link.toolbar-link--system-admin-structure","http://drupal-11.3.10.ddev.site/admin/structure/views","http://drupal-12-git.ddev.site:8080/admin/structure/views","light: fontSize: -100.0% | lineHeight: -100.0% | paddingY: -100.0% | paddingX: -100.0% | width: -100.0% | height: -100.0% | count: -1 (-100.0%) | dark: fontSize: -100.0% | lineHeight: -100.0% | paddingY: -100.0% | paddingX: -100.0% | width: -100.0% | height: -100.0% | count: -1 (-100.0%)","unknown","http://drupal-11.3.10.ddev.site/sites/default/files/css/css_vimucnCg-QSzVrh45qNIjsXiuAYNVwJnBJzePKHQIKs.css | http://drupal-11.3.10.ddev.site/sites/default/files/css/css_CE7FiaAX6jKlr05eW3-2BmeQzUKTIox136iMilNj5cE.css","","","","","/html[1]/body[1]/aside[1]/nav[1]/div[4]/ul[1]/li[1]/button[1]","<button class=""toolbar-link toolbar-link--has-icon toolbar-link--system-admin-structure""> <span class=""toolbar-link__action"">Extend</span> <span class=""toolbar-link__label"">Structure</span> </button>","","","baseline/structure-views__default__light__toolbar-structure-toggle.png",""
"108","Admin Theme (dark + light) Structure Content View - Button style regression vs Drupal 11 Gin","Structure Content View","dark + light","Button","button, input[type=""submit""], .button","http://drupal-11.3.10.ddev.site/admin/structure/views/view/content","http://drupal-12-git.ddev.site:8080/admin/structure/views/view/content","light: paddingX: 12.2% | width: 20.4% | dark: paddingX: 12.2% | width: 20.4%","http://drupal-git.ddev.site:8080/sites/default/files/css/css_1jxw8wr9LSzHFCJwU8jtTj7WpFAe3qYSFZfYuljAXf0.css | http://drupal-git.ddev.site:8080/sites/default/files/css/css_VyRURFsk5A_J2fvwxi3WuCHV6qALxNseigFoMiH1GzY.css","http://drupal-11.3.10.ddev.site/sites/default/files/css/css_fJLdpEnlSQ9_jNinhjdJwgyLryQ5WCQcHtDEVsFzdPY.css | http://drupal-11.3.10.ddev.site/sites/default/files/css/css_CE7FiaAX6jKlr05eW3-2BmeQzUKTIox136iMilNj5cE.css","http://drupal-git.ddev.site:8080/sites/default/files/css/css_1jxw8wr9LSzHFCJwU8jtTj7WpFAe3qYSFZfYuljAXf0.css | http://drupal-git.ddev.site:8080/sites/default/files/css/css_VyRURFsk5A_J2fvwxi3WuCHV6qALxNseigFoMiH1GzY.css","","","","/html[1]/body[1]/aside[1]/nav[1]/div[2]/ul[1]/li[1]/button[1]","<button class=""toolbar-link toolbar-link--has-icon toolbar-link--create""> <span class=""toolbar-link__action"">Extend</span> <span class=""toolbar-link__label"">Create</span> </button>","/html[1]/body[1]/aside[1]/nav[1]/div[1]/div[2]/ul[1]/li[1]/button[1]","<button aria-expanded=""false"" aria-controls=""navigation-link--navigationcreate-1305022686"" data-toolbar-popover-control="""" data-has-safe-triangle="""" data-component-id=""navigation:toolbar-button"" data-index-text=""c"" data-icon-text=""Cr"" class=""toolbar-button toolbar-button--icon--navigation-create toolbar-button--expand--side toolbar-button--collapsible toolbar-popover__control"" data-once=""safe-triangle""> <svg width=""20"" height=""20"" viewBox=""0 0 24 24"" fill=""none"" class=""toolbar-button__icon"" aria-hidden=""true""> <path d=""M12 2.25C10.0716 2.25 8.18657 2.82183 6.58319 3.89317C4.97982 4.96452 3.73013 6.48726 2.99218 8.26884C2.25422 10.0504 2.06114 12.0108 2.43735 13.9021C2.81355 15.7934 3.74215 17.5307 5.10571 18.8943C6.46928 20.2579 8.20656 21.1865 10.0979 21.5627C11.9892 21.9389 13.9496 21.74","baseline/structure-view-content__default__light__button.png","candidate/structure-view-content__default__light__button.png"
"109","Admin Theme (dark + light) Structure Content View - Table Header Cell style regression vs Drupal 11 Gin","Structure Content View","dark + light","Table Header Cell","table thead th","http://drupal-11.3.10.ddev.site/admin/structure/views/view/content","http://drupal-12-git.ddev.site:8080/admin/structure/views/view/content","light: paddingY: 50.0% | dark: paddingY: 50.0%","core/themes/default_admin/css/components/tables.css | core/themes/default_admin/css/components/tables.pcss.css","http://drupal-11.3.10.ddev.site/sites/default/files/css/css_CE7FiaAX6jKlr05eW3-2BmeQzUKTIox136iMilNj5cE.css | http://drupal-11.3.10.ddev.site/sites/default/files/css/css_92ot4r8VwzMCzBRreiG8ryjZuwyROzI88VVjL7S8YzY.css","http://drupal-git.ddev.site:8080/sites/default/files/css/css_VyRURFsk5A_J2fvwxi3WuCHV6qALxNseigFoMiH1GzY.css","","","","/html[1]/body[1]/div[2]/div[5]/main[1]/div[4]/div[1]/div[2]/form[1]/div[4]/div[2]/div[3]/div[1]/div[2]/div[1]/form[1]/table[1]/thead[1]/tr[1]/th[1]","<th class=""select-all views-field views-field-node-bulk-form gin--sticky-bulk-select"" scope=""col"" style=""width: 53px;""> <input type=""checkbox"" class=""form-checkbox form-boolean form-boolean--type-checkbox"" title=""Select all rows in this table"" style=""""> </th>","/html[1]/body[1]/div[4]/div[2]/main[1]/div[4]/div[1]/div[2]/form[1]/div[4]/div[2]/div[3]/div[1]/div[2]/div[1]/form[1]/table[1]/thead[1]/tr[1]/th[1]","<th class=""select-all views-field views-field-node-bulk-form gin--sticky-bulk-select"" scope=""col"" style=""width: 53px;""> <input type=""checkbox"" class=""form-checkbox form-boolean form-boolean--type-checkbox"" title=""Select all rows in this table"" style=""""> </th>","baseline/structure-view-content__default__light__table-header.png","candidate/structure-view-content__default__light__table-header.png"
"110","Admin Theme (dark + light) Structure Content View - Form Label style regression vs Drupal 11 Gin","Structure Content View","dark + light","Form Label","label","http://drupal-11.3.10.ddev.site/admin/structure/views/view/content","http://drupal-12-git.ddev.site:8080/admin/structure/views/view/content","light: paddingX: 100.0% | width: 187.7% | height: -56.2% | count: -4 (-50.0%) | dark: paddingX: 100.0% | width: 187.7% | height: -56.2% | count: -4 (-50.0%)","core/themes/default_admin/css/components/form.css | core/themes/default_admin/css/components/form.pcss.css | core/themes/default_admin/css/components/tables.css | core/themes/default_admin/css/components/tables.pcss.css","http://drupal-11.3.10.ddev.site/sites/default/files/css/css_CE7FiaAX6jKlr05eW3-2BmeQzUKTIox136iMilNj5cE.css | http://drupal-11.3.10.ddev.site/sites/default/files/css/css_92ot4r8VwzMCzBRreiG8ryjZuwyROzI88VVjL7S8YzY.css","http://drupal-git.ddev.site:8080/sites/default/files/css/css_VyRURFsk5A_J2fvwxi3WuCHV6qALxNseigFoMiH1GzY.css","","","","/html[1]/body[1]/div[2]/div[5]/main[1]/div[4]/div[1]/div[2]/form[1]/div[4]/div[2]/div[2]/div[1]/div[2]/div[1]/label[1]","<label for=""edit-title--DE6t9sg_avc"" class=""form-item__label"">Title</label>","/html[1]/body[1]/div[4]/div[2]/main[1]/div[4]/div[1]/div[2]/form[1]/div[4]/div[2]/div[2]/div[1]/div[2]/div[1]/label[1]","<label for=""edit-title--itoPYijFwxM"" class=""form-item__label"">Title</label>","baseline/structure-view-content__default__light__label.png","candidate/structure-view-content__default__light__label.png"
"111","Admin Theme (dark + light) Structure Content View - Dropbutton Wrapper style regression vs Drupal 11 Gin","Structure Content View","dark + light","Dropbutton Wrapper",".dropbutton-wrapper.dropbutton-multiple, .dropbutton-wrapper","http://drupal-11.3.10.ddev.site/admin/structure/views/view/content","http://drupal-12-git.ddev.site:8080/admin/structure/views/view/content","light: width: -24.9% | dark: width: -24.9%","core/themes/default_admin/css/components/dropbutton.css | core/themes/default_admin/css/components/dropbutton.pcss.css | core/themes/default_admin/css/components/views-ui.css | core/themes/default_admin/css/components/views-ui.pcss.css","http://drupal-11.3.10.ddev.site/sites/default/files/css/css_fJLdpEnlSQ9_jNinhjdJwgyLryQ5WCQcHtDEVsFzdPY.css | http://drupal-11.3.10.ddev.site/sites/default/files/css/css_CE7FiaAX6jKlr05eW3-2BmeQzUKTIox136iMilNj5cE.css | http://drupal-11.3.10.ddev.site/sites/default/files/css/css_92ot4r8VwzMCzBRreiG8ryjZuwyROzI88VVjL7S8YzY.css","http://drupal-git.ddev.site:8080/sites/default/files/css/css_VyRURFsk5A_J2fvwxi3WuCHV6qALxNseigFoMiH1GzY.css","","","","/html[1]/body[1]/div[2]/div[5]/main[1]/div[4]/div[1]/div[1]/form[1]/div[2]/div[2]/div[1]/div[1]/div[1]/div[2]/div[1]/div[4]/div[1]/div[1]/div[1]","<div class=""dropbutton-wrapper dropbutton-multiple"" data-drupal-ajax-container="""" data-once=""dropbutton ginDropbutton""> <div class=""dropbutton-widget""><ul class=""views-ui-settings-bucket-operations dropbutton dropbutton--extrasmall dropbutton--multiple dropbutton--gin"" data-once=""dropbutton-icon""> <li class=""add dropbutton__item dropbutton-action""><a href=""/admin/structure/views/nojs/add-handler/content/page_1/filter"" class=""compact add views-ajax-link"" id=""views-add-filter"" data-once=""views-ajax"">Add <span class=""visually-hidden"">filter criteria</span></a></li><li class=""dropbutton-toggle""><button type=""button"" class=""dropbutton__toggle""><span class=""visually-hidden"">List additional actions</span></button></li> <li class=""dropbutton__item dropbutton-action secondary-action""> <ul class=""dr","/html[1]/body[1]/div[4]/div[2]/main[1]/div[4]/div[1]/div[1]/form[1]/div[2]/div[2]/div[1]/div[1]/div[1]/div[2]/div[1]/div[5]/div[1]/div[1]/div[1]","<div class=""dropbutton-wrapper dropbutton-single"" data-drupal-ajax-container="""" data-once=""dropbutton""> <div class=""dropbutton-widget""><ul class=""views-ui-settings-bucket-operations dropbutton dropbutton--extrasmall dropbutton--single dropbutton--gin"" data-once=""dropbutton-icon""> <li class=""add dropbutton__item dropbutton-action""><a href=""/admin/structure/views/nojs/add-handler/content/page_1/sort"" class=""compact add views-ajax-link"" id=""views-add-sort"" data-once=""views-ajax"">Add <span class=""visually-hidden"">sort criteria</span></a></li> </ul></div> </div>","baseline/structure-view-content__default__light__dropbutton-wrapper.png","candidate/structure-view-content__default__light__dropbutton-wrapper.png"
"112","Admin Theme (dark + light) Structure Content View - Dropbutton Primary Action Link style regression vs Drupal 11 Gin","Structure Content View","dark + light","Dropbutton Primary Action Link",".dropbutton-wrapper .dropbutton__item.dropbutton-action > a","http://drupal-11.3.10.ddev.site/admin/structure/views/view/content","http://drupal-12-git.ddev.site:8080/admin/structure/views/view/content","light: paddingX: -31.3% | width: -25.2% | dark: paddingX: -31.3% | width: -25.2%","core/themes/default_admin/css/base/elements.css | core/themes/default_admin/css/base/elements.pcss.css | core/themes/default_admin/css/components/dropbutton.css | core/themes/default_admin/css/components/dropbutton.pcss.css | core/themes/default_admin/css/base/print.css | core/themes/default_admin/css/base/print.pcss.css","http://drupal-11.3.10.ddev.site/sites/default/files/css/css_fJLdpEnlSQ9_jNinhjdJwgyLryQ5WCQcHtDEVsFzdPY.css | http://drupal-11.3.10.ddev.site/sites/default/files/css/css_CE7FiaAX6jKlr05eW3-2BmeQzUKTIox136iMilNj5cE.css | http://drupal-11.3.10.ddev.site/sites/default/files/css/css_92ot4r8VwzMCzBRreiG8ryjZuwyROzI88VVjL7S8YzY.css","http://drupal-git.ddev.site:8080/sites/default/files/css/css_1jxw8wr9LSzHFCJwU8jtTj7WpFAe3qYSFZfYuljAXf0.css | http://drupal-git.ddev.site:8080/sites/default/files/css/css_VyRURFsk5A_J2fvwxi3WuCHV6qALxNseigFoMiH1GzY.css","","","","/html[1]/body[1]/div[2]/div[5]/main[1]/div[4]/div[1]/div[1]/form[1]/div[2]/div[1]/div[1]/div[1]/div[1]/ul[1]/li[1]/a[1]","<a href=""/admin/structure/views/nojs/edit-details/content/page_1"" class=""views-ajax-link"" data-once=""views-ajax"">Edit view name/description</a>","/html[1]/body[1]/div[4]/div[2]/main[1]/div[4]/div[1]/div[1]/form[1]/div[2]/div[1]/div[1]/div[1]/div[1]/ul[1]/li[1]/a[1]","<a href=""/admin/structure/views/nojs/edit-details/content/page_1"" class=""views-ajax-link"" data-once=""views-ajax"">Edit view name/description</a>","baseline/structure-view-content__default__light__dropbutton-primary-action.png","candidate/structure-view-content__default__light__dropbutton-primary-action.png"
"113","Admin Theme (dark + light) Structure Content View - Dropbutton Toggle Button style regression vs Drupal 11 Gin","Structure Content View","dark + light","Dropbutton Toggle Button",".dropbutton-wrapper .dropbutton__toggle, .dropbutton-toggle button.dropbutton__toggle","http://drupal-11.3.10.ddev.site/admin/structure/views/view/content","http://drupal-12-git.ddev.site:8080/admin/structure/views/view/content","light: fontSize: -12.5% | dark: fontSize: -12.5%","http://drupal-git.ddev.site:8080/sites/default/files/css/css_1jxw8wr9LSzHFCJwU8jtTj7WpFAe3qYSFZfYuljAXf0.css | http://drupal-git.ddev.site:8080/sites/default/files/css/css_VyRURFsk5A_J2fvwxi3WuCHV6qALxNseigFoMiH1GzY.css","http://drupal-11.3.10.ddev.site/sites/default/files/css/css_fJLdpEnlSQ9_jNinhjdJwgyLryQ5WCQcHtDEVsFzdPY.css | http://drupal-11.3.10.ddev.site/sites/default/files/css/css_CE7FiaAX6jKlr05eW3-2BmeQzUKTIox136iMilNj5cE.css | http://drupal-11.3.10.ddev.site/sites/default/files/css/css_92ot4r8VwzMCzBRreiG8ryjZuwyROzI88VVjL7S8YzY.css","http://drupal-git.ddev.site:8080/sites/default/files/css/css_1jxw8wr9LSzHFCJwU8jtTj7WpFAe3qYSFZfYuljAXf0.css | http://drupal-git.ddev.site:8080/sites/default/files/css/css_VyRURFsk5A_J2fvwxi3WuCHV6qALxNseigFoMiH1GzY.css","","","","/html[1]/body[1]/div[2]/div[5]/main[1]/div[4]/div[1]/div[1]/form[1]/div[2]/div[1]/div[1]/div[1]/div[1]/ul[1]/li[2]/button[1]","<button type=""button"" class=""dropbutton__toggle""><span class=""visually-hidden"">List additional actions</span></button>","/html[1]/body[1]/div[4]/div[2]/main[1]/div[4]/div[1]/div[1]/form[1]/div[2]/div[1]/div[1]/div[1]/div[1]/ul[1]/li[2]/button[1]","<button type=""button"" class=""dropbutton__toggle""><span class=""visually-hidden"">List additional actions</span></button>","",""
"114","Admin Theme (dark + light) Structure Content View - Toolbar Structure Toggle Button style regression vs Drupal 11 Gin","Structure Content View","dark + light","Toolbar Structure Toggle Button","button.toolbar-link.toolbar-link--system-admin-structure","http://drupal-11.3.10.ddev.site/admin/structure/views/view/content","http://drupal-12-git.ddev.site:8080/admin/structure/views/view/content","light: fontSize: -100.0% | lineHeight: -100.0% | paddingY: -100.0% | paddingX: -100.0% | width: -100.0% | height: -100.0% | count: -1 (-100.0%) | dark: fontSize: -100.0% | lineHeight: -100.0% | paddingY: -100.0% | paddingX: -100.0% | width: -100.0% | height: -100.0% | count: -1 (-100.0%)","unknown","http://drupal-11.3.10.ddev.site/sites/default/files/css/css_fJLdpEnlSQ9_jNinhjdJwgyLryQ5WCQcHtDEVsFzdPY.css | http://drupal-11.3.10.ddev.site/sites/default/files/css/css_CE7FiaAX6jKlr05eW3-2BmeQzUKTIox136iMilNj5cE.css","","","","","/html[1]/body[1]/aside[1]/nav[1]/div[4]/ul[1]/li[1]/button[1]","<button class=""toolbar-link toolbar-link--has-icon toolbar-link--system-admin-structure""> <span class=""toolbar-link__action"">Extend</span> <span class=""toolbar-link__label"">Structure</span> </button>","","","baseline/structure-view-content__default__light__toolbar-structure-toggle.png",""
"115","Admin Theme (dark + light) Theme Settings (Gin vs Default Admin) - Page Title Heading (h1) style regression vs Drupal 11 Gin","Theme Settings (Gin vs Default Admin)","dark + light","Page Title Heading (h1)","h1.page-title, .page-title h1, .page-title","http://drupal-11.3.10.ddev.site/admin/appearance/settings/gin","http://drupal-12-git.ddev.site:8080/admin/appearance/settings/default_admin","light: width: 264.3% | dark: width: 264.3%","core/themes/default_admin/css/base/elements.css | core/themes/default_admin/css/base/elements.pcss.css | core/themes/default_admin/css/components/page-title.css | core/themes/default_admin/css/components/page-title.pcss.css","http://drupal-11.3.10.ddev.site/sites/default/files/css/css_ZSWPcqw2uJ8TwO2JSDqVaNnG8j1lsv-5GNaHe27pT6c.css | http://drupal-11.3.10.ddev.site/sites/default/files/css/css_b7OQ0Fxjq0mPGm0NV_LIB7SqWH4oT-h6JoKROIUWUs8.css | http://drupal-11.3.10.ddev.site/sites/default/files/css/css_92ot4r8VwzMCzBRreiG8ryjZuwyROzI88VVjL7S8YzY.css","http://drupal-git.ddev.site:8080/sites/default/files/css/css_KLhKWkd-10fItBI0yB5zU1NVxtsUcnqp3mnSsic0sXw.css | http://drupal-git.ddev.site:8080/sites/default/files/css/css_GN5Tewbuqx2hZ4cDy1Fmrt6Z9CNQhpSCp7ipv3GY7Ko.css","","","","/html[1]/body[1]/div[2]/header[1]/div[1]/div[1]/div[1]/h1[1]","<h1 class=""page-title"">Gin</h1>","/html[1]/body[1]/div[4]/header[1]/div[1]/div[1]/div[1]/h1[1]","<h1 class=""page-title"">Default Admin</h1>","baseline/theme-settings__default__light__page-title-heading.png","candidate/theme-settings__default__light__page-title-heading.png"
"116","Admin Theme (dark + light) Theme Settings (Gin vs Default Admin) - Button style regression vs Drupal 11 Gin","Theme Settings (Gin vs Default Admin)","dark + light","Button","button, input[type=""submit""], .button","http://drupal-11.3.10.ddev.site/admin/appearance/settings/gin","http://drupal-12-git.ddev.site:8080/admin/appearance/settings/default_admin","light: paddingY: 27.3% | paddingX: 45.8% | width: 13.4% | dark: paddingY: 27.3% | paddingX: 45.8% | width: 13.4%","http://drupal-git.ddev.site:8080/sites/default/files/css/css_KLhKWkd-10fItBI0yB5zU1NVxtsUcnqp3mnSsic0sXw.css | http://drupal-git.ddev.site:8080/sites/default/files/css/css_GN5Tewbuqx2hZ4cDy1Fmrt6Z9CNQhpSCp7ipv3GY7Ko.css","http://drupal-11.3.10.ddev.site/sites/default/files/css/css_ZSWPcqw2uJ8TwO2JSDqVaNnG8j1lsv-5GNaHe27pT6c.css | http://drupal-11.3.10.ddev.site/sites/default/files/css/css_b7OQ0Fxjq0mPGm0NV_LIB7SqWH4oT-h6JoKROIUWUs8.css","http://drupal-git.ddev.site:8080/sites/default/files/css/css_KLhKWkd-10fItBI0yB5zU1NVxtsUcnqp3mnSsic0sXw.css | http://drupal-git.ddev.site:8080/sites/default/files/css/css_GN5Tewbuqx2hZ4cDy1Fmrt6Z9CNQhpSCp7ipv3GY7Ko.css","","","","/html[1]/body[1]/aside[1]/nav[1]/div[2]/ul[1]/li[1]/button[1]","<button class=""toolbar-link toolbar-link--has-icon toolbar-link--create""> <span class=""toolbar-link__action"">Extend</span> <span class=""toolbar-link__label"">Create</span> </button>","/html[1]/body[1]/aside[1]/nav[1]/div[1]/div[2]/ul[1]/li[1]/button[1]","<button aria-expanded=""false"" aria-controls=""navigation-link--navigationcreate-2012058822"" data-toolbar-popover-control="""" data-has-safe-triangle="""" data-component-id=""navigation:toolbar-button"" data-index-text=""c"" data-icon-text=""Cr"" class=""toolbar-button toolbar-button--icon--navigation-create toolbar-button--expand--side toolbar-button--collapsible toolbar-popover__control"" data-once=""safe-triangle""> <svg width=""20"" height=""20"" viewBox=""0 0 24 24"" fill=""none"" class=""toolbar-button__icon"" aria-hidden=""true""> <path d=""M12 2.25C10.0716 2.25 8.18657 2.82183 6.58319 3.89317C4.97982 4.96452 3.73013 6.48726 2.99218 8.26884C2.25422 10.0504 2.06114 12.0108 2.43735 13.9021C2.81355 15.7934 3.74215 17.5307 5.10571 18.8943C6.46928 20.2579 8.20656 21.1865 10.0979 21.5627C11.9892 21.9389 13.9496 21.74","baseline/theme-settings__default__light__button.png","candidate/theme-settings__default__light__button.png"
"117","Admin Theme (dark + light) Theme Settings (Gin vs Default Admin) - Form Label style regression vs Drupal 11 Gin","Theme Settings (Gin vs Default Admin)","dark + light","Form Label","label","http://drupal-11.3.10.ddev.site/admin/appearance/settings/gin","http://drupal-12-git.ddev.site:8080/admin/appearance/settings/default_admin","light: fontSize: 6.0% | paddingX: 100.0% | width: 76.1% | height: -48.4% | dark: fontSize: 6.0% | paddingX: 100.0% | width: 76.1% | height: -48.4%","core/themes/default_admin/css/components/form.css | core/themes/default_admin/css/components/form.pcss.css | core/themes/default_admin/css/components/tables.css | core/themes/default_admin/css/components/tables.pcss.css","http://drupal-11.3.10.ddev.site/sites/default/files/css/css_b7OQ0Fxjq0mPGm0NV_LIB7SqWH4oT-h6JoKROIUWUs8.css | http://drupal-11.3.10.ddev.site/sites/default/files/css/css_92ot4r8VwzMCzBRreiG8ryjZuwyROzI88VVjL7S8YzY.css","http://drupal-git.ddev.site:8080/sites/default/files/css/css_GN5Tewbuqx2hZ4cDy1Fmrt6Z9CNQhpSCp7ipv3GY7Ko.css","","","","/html[1]/body[1]/div[2]/div[5]/main[1]/div[4]/div[1]/form[1]/details[1]/div[1]/fieldset[5]/div[1]/div[1]/div[1]/label[1]","<label for=""edit-classic-toolbar-new"" class=""form-item__label option"">New Drupal Navigation, Test integration <span class=""gin-new-flag"">New</span> <span class=""gin-experimental-flag"">Experimental</span></label>","/html[1]/body[1]/div[4]/div[2]/main[1]/div[4]/div[1]/form[1]/details[1]/div[1]/div[1]/label[1]","<label for=""edit-preset-focus-color"" class=""form-item__label"">Focus color</label>","baseline/theme-settings__default__light__label.png","candidate/theme-settings__default__light__label.png"
"118","Admin Theme (dark + light) Theme Settings (Gin vs Default Admin) - Toolbar Structure Toggle Button style regression vs Drupal 11 Gin","Theme Settings (Gin vs Default Admin)","dark + light","Toolbar Structure Toggle Button","button.toolbar-link.toolbar-link--system-admin-structure","http://drupal-11.3.10.ddev.site/admin/appearance/settings/gin","http://drupal-12-git.ddev.site:8080/admin/appearance/settings/default_admin","light: fontSize: -100.0% | lineHeight: -100.0% | paddingY: -100.0% | paddingX: -100.0% | width: -100.0% | height: -100.0% | count: -1 (-100.0%) | dark: fontSize: -100.0% | lineHeight: -100.0% | paddingY: -100.0% | paddingX: -100.0% | width: -100.0% | height: -100.0% | count: -1 (-100.0%)","unknown","http://drupal-11.3.10.ddev.site/sites/default/files/css/css_ZSWPcqw2uJ8TwO2JSDqVaNnG8j1lsv-5GNaHe27pT6c.css | http://drupal-11.3.10.ddev.site/sites/default/files/css/css_b7OQ0Fxjq0mPGm0NV_LIB7SqWH4oT-h6JoKROIUWUs8.css","","","","","/html[1]/body[1]/aside[1]/nav[1]/div[4]/ul[1]/li[1]/button[1]","<button class=""toolbar-link toolbar-link--has-icon toolbar-link--system-admin-structure""> <span class=""toolbar-link__action"">Extend</span> <span class=""toolbar-link__label"">Structure</span> </button>","","","baseline/theme-settings__default__light__toolbar-structure-toggle.png",""
"119","Admin Theme (dark + light) Theme Settings (Gin vs Default Admin) - Page Title Heading (h1) style regression vs Drupal 11 Gin","Theme Settings (Gin vs Default Admin)","dark + light","Page Title Heading (h1)","h1.page-title, .page-title h1, .page-title","http://drupal-11.3.10.ddev.site/admin/appearance/settings/gin","http://drupal-12-git.ddev.site:8080/admin/appearance/settings/default_admin","light: width: 264.3% | dark: width: 264.3%","core/themes/default_admin/css/base/elements.css | core/themes/default_admin/css/base/elements.pcss.css | core/themes/default_admin/css/components/page-title.css | core/themes/default_admin/css/components/page-title.pcss.css","http://drupal-11.3.10.ddev.site/sites/default/files/css/css_ZSWPcqw2uJ8TwO2JSDqVaNnG8j1lsv-5GNaHe27pT6c.css | http://drupal-11.3.10.ddev.site/sites/default/files/css/css_b7OQ0Fxjq0mPGm0NV_LIB7SqWH4oT-h6JoKROIUWUs8.css | http://drupal-11.3.10.ddev.site/sites/default/files/css/css_92ot4r8VwzMCzBRreiG8ryjZuwyROzI88VVjL7S8YzY.css","http://drupal-git.ddev.site:8080/sites/default/files/css/css_KLhKWkd-10fItBI0yB5zU1NVxtsUcnqp3mnSsic0sXw.css | http://drupal-git.ddev.site:8080/sites/default/files/css/css_GN5Tewbuqx2hZ4cDy1Fmrt6Z9CNQhpSCp7ipv3GY7Ko.css","","","","/html[1]/body[1]/div[2]/header[1]/div[1]/div[1]/div[1]/h1[1]","<h1 class=""page-title"">Gin</h1>","/html[1]/body[1]/div[4]/header[1]/div[1]/div[1]/div[1]/h1[1]","<h1 class=""page-title"">Default Admin</h1>","baseline/theme-settings__density-compact__light__page-title-heading.png","candidate/theme-settings__density-compact__light__page-title-heading.png"
"120","Admin Theme (dark + light) Theme Settings (Gin vs Default Admin) - Button style regression vs Drupal 11 Gin","Theme Settings (Gin vs Default Admin)","dark + light","Button","button, input[type=""submit""], .button","http://drupal-11.3.10.ddev.site/admin/appearance/settings/gin","http://drupal-12-git.ddev.site:8080/admin/appearance/settings/default_admin","light: paddingY: 27.3% | paddingX: 45.8% | width: 13.4% | dark: paddingY: 27.3% | paddingX: 45.8% | width: 13.4%","http://drupal-git.ddev.site:8080/sites/default/files/css/css_KLhKWkd-10fItBI0yB5zU1NVxtsUcnqp3mnSsic0sXw.css | http://drupal-git.ddev.site:8080/sites/default/files/css/css_GN5Tewbuqx2hZ4cDy1Fmrt6Z9CNQhpSCp7ipv3GY7Ko.css","http://drupal-11.3.10.ddev.site/sites/default/files/css/css_ZSWPcqw2uJ8TwO2JSDqVaNnG8j1lsv-5GNaHe27pT6c.css | http://drupal-11.3.10.ddev.site/sites/default/files/css/css_b7OQ0Fxjq0mPGm0NV_LIB7SqWH4oT-h6JoKROIUWUs8.css","http://drupal-git.ddev.site:8080/sites/default/files/css/css_KLhKWkd-10fItBI0yB5zU1NVxtsUcnqp3mnSsic0sXw.css | http://drupal-git.ddev.site:8080/sites/default/files/css/css_GN5Tewbuqx2hZ4cDy1Fmrt6Z9CNQhpSCp7ipv3GY7Ko.css","","","","/html[1]/body[1]/aside[1]/nav[1]/div[2]/ul[1]/li[1]/button[1]","<button class=""toolbar-link toolbar-link--has-icon toolbar-link--create""> <span class=""toolbar-link__action"">Extend</span> <span class=""toolbar-link__label"">Create</span> </button>","/html[1]/body[1]/aside[1]/nav[1]/div[1]/div[2]/ul[1]/li[1]/button[1]","<button aria-expanded=""false"" aria-controls=""navigation-link--navigationcreate-21956377"" data-toolbar-popover-control="""" data-has-safe-triangle="""" data-component-id=""navigation:toolbar-button"" data-index-text=""c"" data-icon-text=""Cr"" class=""toolbar-button toolbar-button--icon--navigation-create toolbar-button--expand--side toolbar-button--collapsible toolbar-popover__control"" data-once=""safe-triangle""> <svg width=""20"" height=""20"" viewBox=""0 0 24 24"" fill=""none"" class=""toolbar-button__icon"" aria-hidden=""true""> <path d=""M12 2.25C10.0716 2.25 8.18657 2.82183 6.58319 3.89317C4.97982 4.96452 3.73013 6.48726 2.99218 8.26884C2.25422 10.0504 2.06114 12.0108 2.43735 13.9021C2.81355 15.7934 3.74215 17.5307 5.10571 18.8943C6.46928 20.2579 8.20656 21.1865 10.0979 21.5627C11.9892 21.9389 13.9496 21.7458","baseline/theme-settings__density-compact__light__button.png","candidate/theme-settings__density-compact__light__button.png"
"121","Admin Theme (dark + light) Theme Settings (Gin vs Default Admin) - Form Label style regression vs Drupal 11 Gin","Theme Settings (Gin vs Default Admin)","dark + light","Form Label","label","http://drupal-11.3.10.ddev.site/admin/appearance/settings/gin","http://drupal-12-git.ddev.site:8080/admin/appearance/settings/default_admin","light: fontSize: 6.0% | paddingX: 100.0% | width: 76.1% | height: -48.4% | dark: fontSize: 6.0% | paddingX: 100.0% | width: 76.1% | height: -48.4%","core/themes/default_admin/css/components/form.css | core/themes/default_admin/css/components/form.pcss.css | core/themes/default_admin/css/components/tables.css | core/themes/default_admin/css/components/tables.pcss.css","http://drupal-11.3.10.ddev.site/sites/default/files/css/css_b7OQ0Fxjq0mPGm0NV_LIB7SqWH4oT-h6JoKROIUWUs8.css | http://drupal-11.3.10.ddev.site/sites/default/files/css/css_92ot4r8VwzMCzBRreiG8ryjZuwyROzI88VVjL7S8YzY.css","http://drupal-git.ddev.site:8080/sites/default/files/css/css_GN5Tewbuqx2hZ4cDy1Fmrt6Z9CNQhpSCp7ipv3GY7Ko.css","","","","/html[1]/body[1]/div[2]/div[5]/main[1]/div[4]/div[1]/form[1]/details[1]/div[1]/fieldset[5]/div[1]/div[1]/div[1]/label[1]","<label for=""edit-classic-toolbar-new"" class=""form-item__label option"">New Drupal Navigation, Test integration <span class=""gin-new-flag"">New</span> <span class=""gin-experimental-flag"">Experimental</span></label>","/html[1]/body[1]/div[4]/div[2]/main[1]/div[4]/div[1]/form[1]/details[1]/div[1]/div[1]/label[1]","<label for=""edit-preset-focus-color"" class=""form-item__label"">Focus color</label>","baseline/theme-settings__density-compact__light__label.png","candidate/theme-settings__density-compact__light__label.png"
"122","Admin Theme (dark + light) Theme Settings (Gin vs Default Admin) - Toolbar Structure Toggle Button style regression vs Drupal 11 Gin","Theme Settings (Gin vs Default Admin)","dark + light","Toolbar Structure Toggle Button","button.toolbar-link.toolbar-link--system-admin-structure","http://drupal-11.3.10.ddev.site/admin/appearance/settings/gin","http://drupal-12-git.ddev.site:8080/admin/appearance/settings/default_admin","light: fontSize: -100.0% | lineHeight: -100.0% | paddingY: -100.0% | paddingX: -100.0% | width: -100.0% | height: -100.0% | count: -1 (-100.0%) | dark: fontSize: -100.0% | lineHeight: -100.0% | paddingY: -100.0% | paddingX: -100.0% | width: -100.0% | height: -100.0% | count: -1 (-100.0%)","unknown","http://drupal-11.3.10.ddev.site/sites/default/files/css/css_ZSWPcqw2uJ8TwO2JSDqVaNnG8j1lsv-5GNaHe27pT6c.css | http://drupal-11.3.10.ddev.site/sites/default/files/css/css_b7OQ0Fxjq0mPGm0NV_LIB7SqWH4oT-h6JoKROIUWUs8.css","","","","","/html[1]/body[1]/aside[1]/nav[1]/div[4]/ul[1]/li[1]/button[1]","<button class=""toolbar-link toolbar-link--has-icon toolbar-link--system-admin-structure""> <span class=""toolbar-link__action"">Extend</span> <span class=""toolbar-link__label"">Structure</span> </button>","","","baseline/theme-settings__density-compact__light__toolbar-structure-toggle.png",""
"123","Admin Theme (dark + light) Theme Settings (Gin vs Default Admin) - Page Title Heading (h1) style regression vs Drupal 11 Gin","Theme Settings (Gin vs Default Admin)","dark + light","Page Title Heading (h1)","h1.page-title, .page-title h1, .page-title","http://drupal-11.3.10.ddev.site/admin/appearance/settings/gin","http://drupal-12-git.ddev.site:8080/admin/appearance/settings/default_admin","light: width: 264.3% | dark: width: 264.3%","core/themes/default_admin/css/base/elements.css | core/themes/default_admin/css/base/elements.pcss.css | core/themes/default_admin/css/components/page-title.css | core/themes/default_admin/css/components/page-title.pcss.css","http://drupal-11.3.10.ddev.site/sites/default/files/css/css_ZSWPcqw2uJ8TwO2JSDqVaNnG8j1lsv-5GNaHe27pT6c.css | http://drupal-11.3.10.ddev.site/sites/default/files/css/css_b7OQ0Fxjq0mPGm0NV_LIB7SqWH4oT-h6JoKROIUWUs8.css | http://drupal-11.3.10.ddev.site/sites/default/files/css/css_92ot4r8VwzMCzBRreiG8ryjZuwyROzI88VVjL7S8YzY.css","http://drupal-git.ddev.site:8080/sites/default/files/css/css_KLhKWkd-10fItBI0yB5zU1NVxtsUcnqp3mnSsic0sXw.css | http://drupal-git.ddev.site:8080/sites/default/files/css/css_GN5Tewbuqx2hZ4cDy1Fmrt6Z9CNQhpSCp7ipv3GY7Ko.css","","","","/html[1]/body[1]/div[2]/header[1]/div[1]/div[1]/div[1]/h1[1]","<h1 class=""page-title"">Gin</h1>","/html[1]/body[1]/div[4]/header[1]/div[1]/div[1]/div[1]/h1[1]","<h1 class=""page-title"">Default Admin</h1>","baseline/theme-settings__density-comfortable__light__page-title-heading.png","candidate/theme-settings__density-comfortable__light__page-title-heading.png"
"124","Admin Theme (dark + light) Theme Settings (Gin vs Default Admin) - Button style regression vs Drupal 11 Gin","Theme Settings (Gin vs Default Admin)","dark + light","Button","button, input[type=""submit""], .button","http://drupal-11.3.10.ddev.site/admin/appearance/settings/gin","http://drupal-12-git.ddev.site:8080/admin/appearance/settings/default_admin","light: paddingY: 27.3% | paddingX: 45.8% | width: 13.4% | dark: paddingY: 27.3% | paddingX: 45.8% | width: 13.4%","http://drupal-git.ddev.site:8080/sites/default/files/css/css_KLhKWkd-10fItBI0yB5zU1NVxtsUcnqp3mnSsic0sXw.css | http://drupal-git.ddev.site:8080/sites/default/files/css/css_GN5Tewbuqx2hZ4cDy1Fmrt6Z9CNQhpSCp7ipv3GY7Ko.css","http://drupal-11.3.10.ddev.site/sites/default/files/css/css_ZSWPcqw2uJ8TwO2JSDqVaNnG8j1lsv-5GNaHe27pT6c.css | http://drupal-11.3.10.ddev.site/sites/default/files/css/css_b7OQ0Fxjq0mPGm0NV_LIB7SqWH4oT-h6JoKROIUWUs8.css","http://drupal-git.ddev.site:8080/sites/default/files/css/css_KLhKWkd-10fItBI0yB5zU1NVxtsUcnqp3mnSsic0sXw.css | http://drupal-git.ddev.site:8080/sites/default/files/css/css_GN5Tewbuqx2hZ4cDy1Fmrt6Z9CNQhpSCp7ipv3GY7Ko.css","","","","/html[1]/body[1]/aside[1]/nav[1]/div[2]/ul[1]/li[1]/button[1]","<button class=""toolbar-link toolbar-link--has-icon toolbar-link--create""> <span class=""toolbar-link__action"">Extend</span> <span class=""toolbar-link__label"">Create</span> </button>","/html[1]/body[1]/aside[1]/nav[1]/div[1]/div[2]/ul[1]/li[1]/button[1]","<button aria-expanded=""false"" aria-controls=""navigation-link--navigationcreate-102877489"" data-toolbar-popover-control="""" data-has-safe-triangle="""" data-component-id=""navigation:toolbar-button"" data-index-text=""c"" data-icon-text=""Cr"" class=""toolbar-button toolbar-button--icon--navigation-create toolbar-button--expand--side toolbar-button--collapsible toolbar-popover__control"" data-once=""safe-triangle""> <svg width=""20"" height=""20"" viewBox=""0 0 24 24"" fill=""none"" class=""toolbar-button__icon"" aria-hidden=""true""> <path d=""M12 2.25C10.0716 2.25 8.18657 2.82183 6.58319 3.89317C4.97982 4.96452 3.73013 6.48726 2.99218 8.26884C2.25422 10.0504 2.06114 12.0108 2.43735 13.9021C2.81355 15.7934 3.74215 17.5307 5.10571 18.8943C6.46928 20.2579 8.20656 21.1865 10.0979 21.5627C11.9892 21.9389 13.9496 21.745","baseline/theme-settings__density-comfortable__light__button.png","candidate/theme-settings__density-comfortable__light__button.png"
"125","Admin Theme (dark + light) Theme Settings (Gin vs Default Admin) - Form Label style regression vs Drupal 11 Gin","Theme Settings (Gin vs Default Admin)","dark + light","Form Label","label","http://drupal-11.3.10.ddev.site/admin/appearance/settings/gin","http://drupal-12-git.ddev.site:8080/admin/appearance/settings/default_admin","light: fontSize: 6.0% | paddingX: 100.0% | width: 76.1% | height: -48.4% | dark: fontSize: 6.0% | paddingX: 100.0% | width: 76.1% | height: -48.4%","core/themes/default_admin/css/components/form.css | core/themes/default_admin/css/components/form.pcss.css | core/themes/default_admin/css/components/tables.css | core/themes/default_admin/css/components/tables.pcss.css","http://drupal-11.3.10.ddev.site/sites/default/files/css/css_b7OQ0Fxjq0mPGm0NV_LIB7SqWH4oT-h6JoKROIUWUs8.css | http://drupal-11.3.10.ddev.site/sites/default/files/css/css_92ot4r8VwzMCzBRreiG8ryjZuwyROzI88VVjL7S8YzY.css","http://drupal-git.ddev.site:8080/sites/default/files/css/css_GN5Tewbuqx2hZ4cDy1Fmrt6Z9CNQhpSCp7ipv3GY7Ko.css","","","","/html[1]/body[1]/div[2]/div[5]/main[1]/div[4]/div[1]/form[1]/details[1]/div[1]/fieldset[5]/div[1]/div[1]/div[1]/label[1]","<label for=""edit-classic-toolbar-new"" class=""form-item__label option"">New Drupal Navigation, Test integration <span class=""gin-new-flag"">New</span> <span class=""gin-experimental-flag"">Experimental</span></label>","/html[1]/body[1]/div[4]/div[2]/main[1]/div[4]/div[1]/form[1]/details[1]/div[1]/div[1]/label[1]","<label for=""edit-preset-focus-color"" class=""form-item__label"">Focus color</label>","baseline/theme-settings__density-comfortable__light__label.png","candidate/theme-settings__density-comfortable__light__label.png"
"126","Admin Theme (dark + light) Theme Settings (Gin vs Default Admin) - Toolbar Structure Toggle Button style regression vs Drupal 11 Gin","Theme Settings (Gin vs Default Admin)","dark + light","Toolbar Structure Toggle Button","button.toolbar-link.toolbar-link--system-admin-structure","http://drupal-11.3.10.ddev.site/admin/appearance/settings/gin","http://drupal-12-git.ddev.site:8080/admin/appearance/settings/default_admin","light: fontSize: -100.0% | lineHeight: -100.0% | paddingY: -100.0% | paddingX: -100.0% | width: -100.0% | height: -100.0% | count: -1 (-100.0%) | dark: fontSize: -100.0% | lineHeight: -100.0% | paddingY: -100.0% | paddingX: -100.0% | width: -100.0% | height: -100.0% | count: -1 (-100.0%)","unknown","http://drupal-11.3.10.ddev.site/sites/default/files/css/css_ZSWPcqw2uJ8TwO2JSDqVaNnG8j1lsv-5GNaHe27pT6c.css | http://drupal-11.3.10.ddev.site/sites/default/files/css/css_b7OQ0Fxjq0mPGm0NV_LIB7SqWH4oT-h6JoKROIUWUs8.css","","","","","/html[1]/body[1]/aside[1]/nav[1]/div[4]/ul[1]/li[1]/button[1]","<button class=""toolbar-link toolbar-link--has-icon toolbar-link--system-admin-structure""> <span class=""toolbar-link__action"">Extend</span> <span class=""toolbar-link__label"">Structure</span> </button>","","","baseline/theme-settings__density-comfortable__light__toolbar-structure-toggle.png",""
"127","Admin Theme (dark + light) Theme Settings (Gin vs Default Admin) - Page Title Heading (h1) style regression vs Drupal 11 Gin","Theme Settings (Gin vs Default Admin)","dark + light","Page Title Heading (h1)","h1.page-title, .page-title h1, .page-title","http://drupal-11.3.10.ddev.site/admin/appearance/settings/gin","http://drupal-12-git.ddev.site:8080/admin/appearance/settings/default_admin","light: width: 264.3% | dark: width: 264.3%","core/themes/default_admin/css/base/elements.css | core/themes/default_admin/css/base/elements.pcss.css | core/themes/default_admin/css/components/page-title.css | core/themes/default_admin/css/components/page-title.pcss.css","http://drupal-11.3.10.ddev.site/sites/default/files/css/css_ZSWPcqw2uJ8TwO2JSDqVaNnG8j1lsv-5GNaHe27pT6c.css | http://drupal-11.3.10.ddev.site/sites/default/files/css/css_b7OQ0Fxjq0mPGm0NV_LIB7SqWH4oT-h6JoKROIUWUs8.css | http://drupal-11.3.10.ddev.site/sites/default/files/css/css_92ot4r8VwzMCzBRreiG8ryjZuwyROzI88VVjL7S8YzY.css","http://drupal-git.ddev.site:8080/sites/default/files/css/css_KLhKWkd-10fItBI0yB5zU1NVxtsUcnqp3mnSsic0sXw.css | http://drupal-git.ddev.site:8080/sites/default/files/css/css_GN5Tewbuqx2hZ4cDy1Fmrt6Z9CNQhpSCp7ipv3GY7Ko.css","","","","/html[1]/body[1]/div[2]/header[1]/div[1]/div[1]/div[1]/h1[1]","<h1 class=""page-title"">Gin</h1>","/html[1]/body[1]/div[4]/header[1]/div[1]/div[1]/div[1]/h1[1]","<h1 class=""page-title"">Default Admin</h1>","baseline/theme-settings__increase-contrast__light__page-title-heading.png","candidate/theme-settings__increase-contrast__light__page-title-heading.png"
"128","Admin Theme (dark + light) Theme Settings (Gin vs Default Admin) - Button style regression vs Drupal 11 Gin","Theme Settings (Gin vs Default Admin)","dark + light","Button","button, input[type=""submit""], .button","http://drupal-11.3.10.ddev.site/admin/appearance/settings/gin","http://drupal-12-git.ddev.site:8080/admin/appearance/settings/default_admin","light: paddingY: 27.3% | paddingX: 45.8% | width: 13.4% | dark: paddingY: 27.3% | paddingX: 45.8% | width: 13.4%","http://drupal-git.ddev.site:8080/sites/default/files/css/css_KLhKWkd-10fItBI0yB5zU1NVxtsUcnqp3mnSsic0sXw.css | http://drupal-git.ddev.site:8080/sites/default/files/css/css_GN5Tewbuqx2hZ4cDy1Fmrt6Z9CNQhpSCp7ipv3GY7Ko.css","http://drupal-11.3.10.ddev.site/sites/default/files/css/css_ZSWPcqw2uJ8TwO2JSDqVaNnG8j1lsv-5GNaHe27pT6c.css | http://drupal-11.3.10.ddev.site/sites/default/files/css/css_b7OQ0Fxjq0mPGm0NV_LIB7SqWH4oT-h6JoKROIUWUs8.css","http://drupal-git.ddev.site:8080/sites/default/files/css/css_KLhKWkd-10fItBI0yB5zU1NVxtsUcnqp3mnSsic0sXw.css | http://drupal-git.ddev.site:8080/sites/default/files/css/css_GN5Tewbuqx2hZ4cDy1Fmrt6Z9CNQhpSCp7ipv3GY7Ko.css","","","","/html[1]/body[1]/aside[1]/nav[1]/div[2]/ul[1]/li[1]/button[1]","<button class=""toolbar-link toolbar-link--has-icon toolbar-link--create""> <span class=""toolbar-link__action"">Extend</span> <span class=""toolbar-link__label"">Create</span> </button>","/html[1]/body[1]/aside[1]/nav[1]/div[1]/div[2]/ul[1]/li[1]/button[1]","<button aria-expanded=""false"" aria-controls=""navigation-link--navigationcreate-1128967396"" data-toolbar-popover-control="""" data-has-safe-triangle="""" data-component-id=""navigation:toolbar-button"" data-index-text=""c"" data-icon-text=""Cr"" class=""toolbar-button toolbar-button--icon--navigation-create toolbar-button--expand--side toolbar-button--collapsible toolbar-popover__control"" data-once=""safe-triangle""> <svg width=""20"" height=""20"" viewBox=""0 0 24 24"" fill=""none"" class=""toolbar-button__icon"" aria-hidden=""true""> <path d=""M12 2.25C10.0716 2.25 8.18657 2.82183 6.58319 3.89317C4.97982 4.96452 3.73013 6.48726 2.99218 8.26884C2.25422 10.0504 2.06114 12.0108 2.43735 13.9021C2.81355 15.7934 3.74215 17.5307 5.10571 18.8943C6.46928 20.2579 8.20656 21.1865 10.0979 21.5627C11.9892 21.9389 13.9496 21.74","baseline/theme-settings__increase-contrast__light__button.png","candidate/theme-settings__increase-contrast__light__button.png"
"129","Admin Theme (dark + light) Theme Settings (Gin vs Default Admin) - Form Label style regression vs Drupal 11 Gin","Theme Settings (Gin vs Default Admin)","dark + light","Form Label","label","http://drupal-11.3.10.ddev.site/admin/appearance/settings/gin","http://drupal-12-git.ddev.site:8080/admin/appearance/settings/default_admin","light: fontSize: 6.0% | paddingX: 100.0% | width: 76.1% | height: -48.4% | dark: fontSize: 6.0% | paddingX: 100.0% | width: 76.1% | height: -48.4%","core/themes/default_admin/css/components/form.css | core/themes/default_admin/css/components/form.pcss.css | core/themes/default_admin/css/components/tables.css | core/themes/default_admin/css/components/tables.pcss.css","http://drupal-11.3.10.ddev.site/sites/default/files/css/css_b7OQ0Fxjq0mPGm0NV_LIB7SqWH4oT-h6JoKROIUWUs8.css | http://drupal-11.3.10.ddev.site/sites/default/files/css/css_92ot4r8VwzMCzBRreiG8ryjZuwyROzI88VVjL7S8YzY.css","http://drupal-git.ddev.site:8080/sites/default/files/css/css_GN5Tewbuqx2hZ4cDy1Fmrt6Z9CNQhpSCp7ipv3GY7Ko.css","","","","/html[1]/body[1]/div[2]/div[5]/main[1]/div[4]/div[1]/form[1]/details[1]/div[1]/fieldset[5]/div[1]/div[1]/div[1]/label[1]","<label for=""edit-classic-toolbar-new"" class=""form-item__label option"">New Drupal Navigation, Test integration <span class=""gin-new-flag"">New</span> <span class=""gin-experimental-flag"">Experimental</span></label>","/html[1]/body[1]/div[4]/div[2]/main[1]/div[4]/div[1]/form[1]/details[1]/div[1]/div[1]/label[1]","<label for=""edit-preset-focus-color"" class=""form-item__label"">Focus color</label>","baseline/theme-settings__increase-contrast__light__label.png","candidate/theme-settings__increase-contrast__light__label.png"
"130","Admin Theme (dark + light) Theme Settings (Gin vs Default Admin) - Toolbar Structure Toggle Button style regression vs Drupal 11 Gin","Theme Settings (Gin vs Default Admin)","dark + light","Toolbar Structure Toggle Button","button.toolbar-link.toolbar-link--system-admin-structure","http://drupal-11.3.10.ddev.site/admin/appearance/settings/gin","http://drupal-12-git.ddev.site:8080/admin/appearance/settings/default_admin","light: fontSize: -100.0% | lineHeight: -100.0% | paddingY: -100.0% | paddingX: -100.0% | width: -100.0% | height: -100.0% | count: -1 (-100.0%) | dark: fontSize: -100.0% | lineHeight: -100.0% | paddingY: -100.0% | paddingX: -100.0% | width: -100.0% | height: -100.0% | count: -1 (-100.0%)","unknown","http://drupal-11.3.10.ddev.site/sites/default/files/css/css_ZSWPcqw2uJ8TwO2JSDqVaNnG8j1lsv-5GNaHe27pT6c.css | http://drupal-11.3.10.ddev.site/sites/default/files/css/css_b7OQ0Fxjq0mPGm0NV_LIB7SqWH4oT-h6JoKROIUWUs8.css","","","","","/html[1]/body[1]/aside[1]/nav[1]/div[4]/ul[1]/li[1]/button[1]","<button class=""toolbar-link toolbar-link--has-icon toolbar-link--system-admin-structure""> <span class=""toolbar-link__action"">Extend</span> <span class=""toolbar-link__label"">Structure</span> </button>","","","baseline/theme-settings__increase-contrast__light__toolbar-structure-toggle.png",""
"131","Admin Theme (dark + light) Theme Settings (Gin vs Default Admin) - Page Title Heading (h1) style regression vs Drupal 11 Gin","Theme Settings (Gin vs Default Admin)","dark + light","Page Title Heading (h1)","h1.page-title, .page-title h1, .page-title","http://drupal-11.3.10.ddev.site/admin/appearance/settings/gin","http://drupal-12-git.ddev.site:8080/admin/appearance/settings/default_admin","light: width: 264.3% | dark: width: 264.3%","core/themes/default_admin/css/base/elements.css | core/themes/default_admin/css/base/elements.pcss.css | core/themes/default_admin/css/components/page-title.css | core/themes/default_admin/css/components/page-title.pcss.css","http://drupal-11.3.10.ddev.site/sites/default/files/css/css_ZSWPcqw2uJ8TwO2JSDqVaNnG8j1lsv-5GNaHe27pT6c.css | http://drupal-11.3.10.ddev.site/sites/default/files/css/css_b7OQ0Fxjq0mPGm0NV_LIB7SqWH4oT-h6JoKROIUWUs8.css | http://drupal-11.3.10.ddev.site/sites/default/files/css/css_92ot4r8VwzMCzBRreiG8ryjZuwyROzI88VVjL7S8YzY.css","http://drupal-git.ddev.site:8080/sites/default/files/css/css_KLhKWkd-10fItBI0yB5zU1NVxtsUcnqp3mnSsic0sXw.css | http://drupal-git.ddev.site:8080/sites/default/files/css/css_GN5Tewbuqx2hZ4cDy1Fmrt6Z9CNQhpSCp7ipv3GY7Ko.css","","","","/html[1]/body[1]/div[2]/header[1]/div[1]/div[1]/div[1]/h1[1]","<h1 class=""page-title"">Gin</h1>","/html[1]/body[1]/div[4]/header[1]/div[1]/div[1]/div[1]/h1[1]","<h1 class=""page-title"">Default Admin</h1>","baseline/theme-settings__form-descriptions__light__page-title-heading.png","candidate/theme-settings__form-descriptions__light__page-title-heading.png"
"132","Admin Theme (dark + light) Theme Settings (Gin vs Default Admin) - Button style regression vs Drupal 11 Gin","Theme Settings (Gin vs Default Admin)","dark + light","Button","button, input[type=""submit""], .button","http://drupal-11.3.10.ddev.site/admin/appearance/settings/gin","http://drupal-12-git.ddev.site:8080/admin/appearance/settings/default_admin","light: paddingY: 27.3% | paddingX: 45.8% | width: 13.4% | dark: paddingY: 27.3% | paddingX: 45.8% | width: 13.4%","http://drupal-git.ddev.site:8080/sites/default/files/css/css_KLhKWkd-10fItBI0yB5zU1NVxtsUcnqp3mnSsic0sXw.css | http://drupal-git.ddev.site:8080/sites/default/files/css/css_GN5Tewbuqx2hZ4cDy1Fmrt6Z9CNQhpSCp7ipv3GY7Ko.css","http://drupal-11.3.10.ddev.site/sites/default/files/css/css_ZSWPcqw2uJ8TwO2JSDqVaNnG8j1lsv-5GNaHe27pT6c.css | http://drupal-11.3.10.ddev.site/sites/default/files/css/css_b7OQ0Fxjq0mPGm0NV_LIB7SqWH4oT-h6JoKROIUWUs8.css","http://drupal-git.ddev.site:8080/sites/default/files/css/css_KLhKWkd-10fItBI0yB5zU1NVxtsUcnqp3mnSsic0sXw.css | http://drupal-git.ddev.site:8080/sites/default/files/css/css_GN5Tewbuqx2hZ4cDy1Fmrt6Z9CNQhpSCp7ipv3GY7Ko.css","","","","/html[1]/body[1]/aside[1]/nav[1]/div[2]/ul[1]/li[1]/button[1]","<button class=""toolbar-link toolbar-link--has-icon toolbar-link--create""> <span class=""toolbar-link__action"">Extend</span> <span class=""toolbar-link__label"">Create</span> </button>","/html[1]/body[1]/aside[1]/nav[1]/div[1]/div[2]/ul[1]/li[1]/button[1]","<button aria-expanded=""false"" aria-controls=""navigation-link--navigationcreate-1975828274"" data-toolbar-popover-control="""" data-has-safe-triangle="""" data-component-id=""navigation:toolbar-button"" data-index-text=""c"" data-icon-text=""Cr"" class=""toolbar-button toolbar-button--icon--navigation-create toolbar-button--expand--side toolbar-button--collapsible toolbar-popover__control"" data-once=""safe-triangle""> <svg width=""20"" height=""20"" viewBox=""0 0 24 24"" fill=""none"" class=""toolbar-button__icon"" aria-hidden=""true""> <path d=""M12 2.25C10.0716 2.25 8.18657 2.82183 6.58319 3.89317C4.97982 4.96452 3.73013 6.48726 2.99218 8.26884C2.25422 10.0504 2.06114 12.0108 2.43735 13.9021C2.81355 15.7934 3.74215 17.5307 5.10571 18.8943C6.46928 20.2579 8.20656 21.1865 10.0979 21.5627C11.9892 21.9389 13.9496 21.74","baseline/theme-settings__form-descriptions__light__button.png","candidate/theme-settings__form-descriptions__light__button.png"
"133","Admin Theme (dark + light) Theme Settings (Gin vs Default Admin) - Form Label style regression vs Drupal 11 Gin","Theme Settings (Gin vs Default Admin)","dark + light","Form Label","label","http://drupal-11.3.10.ddev.site/admin/appearance/settings/gin","http://drupal-12-git.ddev.site:8080/admin/appearance/settings/default_admin","light: fontSize: 6.0% | paddingX: 100.0% | width: 76.1% | height: -48.4% | dark: fontSize: 6.0% | paddingX: 100.0% | width: 76.1% | height: -48.4%","core/themes/default_admin/css/components/form.css | core/themes/default_admin/css/components/form.pcss.css | core/themes/default_admin/css/components/tables.css | core/themes/default_admin/css/components/tables.pcss.css","http://drupal-11.3.10.ddev.site/sites/default/files/css/css_b7OQ0Fxjq0mPGm0NV_LIB7SqWH4oT-h6JoKROIUWUs8.css | http://drupal-11.3.10.ddev.site/sites/default/files/css/css_92ot4r8VwzMCzBRreiG8ryjZuwyROzI88VVjL7S8YzY.css","http://drupal-git.ddev.site:8080/sites/default/files/css/css_GN5Tewbuqx2hZ4cDy1Fmrt6Z9CNQhpSCp7ipv3GY7Ko.css","","","","/html[1]/body[1]/div[2]/div[5]/main[1]/div[4]/div[1]/form[1]/details[1]/div[1]/fieldset[5]/div[1]/div[1]/div[1]/label[1]","<label for=""edit-classic-toolbar-new"" class=""form-item__label option"">New Drupal Navigation, Test integration <span class=""gin-new-flag"">New</span> <span class=""gin-experimental-flag"">Experimental</span></label>","/html[1]/body[1]/div[4]/div[2]/main[1]/div[4]/div[1]/form[1]/details[1]/div[1]/div[1]/label[1]","<label for=""edit-preset-focus-color"" class=""form-item__label"">Focus color</label>","baseline/theme-settings__form-descriptions__light__label.png","candidate/theme-settings__form-descriptions__light__label.png"
"134","Admin Theme (dark + light) Theme Settings (Gin vs Default Admin) - Toolbar Structure Toggle Button style regression vs Drupal 11 Gin","Theme Settings (Gin vs Default Admin)","dark + light","Toolbar Structure Toggle Button","button.toolbar-link.toolbar-link--system-admin-structure","http://drupal-11.3.10.ddev.site/admin/appearance/settings/gin","http://drupal-12-git.ddev.site:8080/admin/appearance/settings/default_admin","light: fontSize: -100.0% | lineHeight: -100.0% | paddingY: -100.0% | paddingX: -100.0% | width: -100.0% | height: -100.0% | count: -1 (-100.0%) | dark: fontSize: -100.0% | lineHeight: -100.0% | paddingY: -100.0% | paddingX: -100.0% | width: -100.0% | height: -100.0% | count: -1 (-100.0%)","unknown","http://drupal-11.3.10.ddev.site/sites/default/files/css/css_ZSWPcqw2uJ8TwO2JSDqVaNnG8j1lsv-5GNaHe27pT6c.css | http://drupal-11.3.10.ddev.site/sites/default/files/css/css_b7OQ0Fxjq0mPGm0NV_LIB7SqWH4oT-h6JoKROIUWUs8.css","","","","","/html[1]/body[1]/aside[1]/nav[1]/div[4]/ul[1]/li[1]/button[1]","<button class=""toolbar-link toolbar-link--has-icon toolbar-link--system-admin-structure""> <span class=""toolbar-link__action"">Extend</span> <span class=""toolbar-link__label"">Structure</span> </button>","","","baseline/theme-settings__form-descriptions__light__toolbar-structure-toggle.png",""
"135","Admin Theme (dark + light) Theme Settings (Gin vs Default Admin) - Page Title Heading (h1) style regression vs Drupal 11 Gin","Theme Settings (Gin vs Default Admin)","dark + light","Page Title Heading (h1)","h1.page-title, .page-title h1, .page-title","http://drupal-11.3.10.ddev.site/admin/appearance/settings/gin","http://drupal-12-git.ddev.site:8080/admin/appearance/settings/default_admin","light: width: 264.3% | dark: width: 264.3%","core/themes/default_admin/css/base/elements.css | core/themes/default_admin/css/base/elements.pcss.css | core/themes/default_admin/css/components/page-title.css | core/themes/default_admin/css/components/page-title.pcss.css","http://drupal-11.3.10.ddev.site/sites/default/files/css/css_ZSWPcqw2uJ8TwO2JSDqVaNnG8j1lsv-5GNaHe27pT6c.css | http://drupal-11.3.10.ddev.site/sites/default/files/css/css_b7OQ0Fxjq0mPGm0NV_LIB7SqWH4oT-h6JoKROIUWUs8.css | http://drupal-11.3.10.ddev.site/sites/default/files/css/css_92ot4r8VwzMCzBRreiG8ryjZuwyROzI88VVjL7S8YzY.css","http://drupal-git.ddev.site:8080/sites/default/files/css/css_KLhKWkd-10fItBI0yB5zU1NVxtsUcnqp3mnSsic0sXw.css | http://drupal-git.ddev.site:8080/sites/default/files/css/css_GN5Tewbuqx2hZ4cDy1Fmrt6Z9CNQhpSCp7ipv3GY7Ko.css","","","","/html[1]/body[1]/div[2]/header[1]/div[1]/div[1]/div[1]/h1[1]","<h1 class=""page-title"">Gin</h1>","/html[1]/body[1]/div[4]/header[1]/div[1]/div[1]/div[1]/h1[1]","<h1 class=""page-title"">Default Admin</h1>","baseline/theme-settings__contrast-and-descriptions__light__page-title-heading.png","candidate/theme-settings__contrast-and-descriptions__light__page-title-heading.png"
"136","Admin Theme (dark + light) Theme Settings (Gin vs Default Admin) - Button style regression vs Drupal 11 Gin","Theme Settings (Gin vs Default Admin)","dark + light","Button","button, input[type=""submit""], .button","http://drupal-11.3.10.ddev.site/admin/appearance/settings/gin","http://drupal-12-git.ddev.site:8080/admin/appearance/settings/default_admin","light: paddingY: 27.3% | paddingX: 45.8% | width: 13.4% | dark: paddingY: 27.3% | paddingX: 45.8% | width: 13.4%","http://drupal-git.ddev.site:8080/sites/default/files/css/css_KLhKWkd-10fItBI0yB5zU1NVxtsUcnqp3mnSsic0sXw.css | http://drupal-git.ddev.site:8080/sites/default/files/css/css_GN5Tewbuqx2hZ4cDy1Fmrt6Z9CNQhpSCp7ipv3GY7Ko.css","http://drupal-11.3.10.ddev.site/sites/default/files/css/css_ZSWPcqw2uJ8TwO2JSDqVaNnG8j1lsv-5GNaHe27pT6c.css | http://drupal-11.3.10.ddev.site/sites/default/files/css/css_b7OQ0Fxjq0mPGm0NV_LIB7SqWH4oT-h6JoKROIUWUs8.css","http://drupal-git.ddev.site:8080/sites/default/files/css/css_KLhKWkd-10fItBI0yB5zU1NVxtsUcnqp3mnSsic0sXw.css | http://drupal-git.ddev.site:8080/sites/default/files/css/css_GN5Tewbuqx2hZ4cDy1Fmrt6Z9CNQhpSCp7ipv3GY7Ko.css","","","","/html[1]/body[1]/aside[1]/nav[1]/div[2]/ul[1]/li[1]/button[1]","<button class=""toolbar-link toolbar-link--has-icon toolbar-link--create""> <span class=""toolbar-link__action"">Extend</span> <span class=""toolbar-link__label"">Create</span> </button>","/html[1]/body[1]/aside[1]/nav[1]/div[1]/div[2]/ul[1]/li[1]/button[1]","<button aria-expanded=""false"" aria-controls=""navigation-link--navigationcreate-408042686"" data-toolbar-popover-control="""" data-has-safe-triangle="""" data-component-id=""navigation:toolbar-button"" data-index-text=""c"" data-icon-text=""Cr"" class=""toolbar-button toolbar-button--icon--navigation-create toolbar-button--expand--side toolbar-button--collapsible toolbar-popover__control"" data-once=""safe-triangle""> <svg width=""20"" height=""20"" viewBox=""0 0 24 24"" fill=""none"" class=""toolbar-button__icon"" aria-hidden=""true""> <path d=""M12 2.25C10.0716 2.25 8.18657 2.82183 6.58319 3.89317C4.97982 4.96452 3.73013 6.48726 2.99218 8.26884C2.25422 10.0504 2.06114 12.0108 2.43735 13.9021C2.81355 15.7934 3.74215 17.5307 5.10571 18.8943C6.46928 20.2579 8.20656 21.1865 10.0979 21.5627C11.9892 21.9389 13.9496 21.745","baseline/theme-settings__contrast-and-descriptions__light__button.png","candidate/theme-settings__contrast-and-descriptions__light__button.png"
"137","Admin Theme (dark + light) Theme Settings (Gin vs Default Admin) - Form Label style regression vs Drupal 11 Gin","Theme Settings (Gin vs Default Admin)","dark + light","Form Label","label","http://drupal-11.3.10.ddev.site/admin/appearance/settings/gin","http://drupal-12-git.ddev.site:8080/admin/appearance/settings/default_admin","light: fontSize: 6.0% | paddingX: 100.0% | width: 76.1% | height: -48.4% | dark: fontSize: 6.0% | paddingX: 100.0% | width: 76.1% | height: -48.4%","core/themes/default_admin/css/components/form.css | core/themes/default_admin/css/components/form.pcss.css | core/themes/default_admin/css/components/tables.css | core/themes/default_admin/css/components/tables.pcss.css","http://drupal-11.3.10.ddev.site/sites/default/files/css/css_b7OQ0Fxjq0mPGm0NV_LIB7SqWH4oT-h6JoKROIUWUs8.css | http://drupal-11.3.10.ddev.site/sites/default/files/css/css_92ot4r8VwzMCzBRreiG8ryjZuwyROzI88VVjL7S8YzY.css","http://drupal-git.ddev.site:8080/sites/default/files/css/css_GN5Tewbuqx2hZ4cDy1Fmrt6Z9CNQhpSCp7ipv3GY7Ko.css","","","","/html[1]/body[1]/div[2]/div[5]/main[1]/div[4]/div[1]/form[1]/details[1]/div[1]/fieldset[5]/div[1]/div[1]/div[1]/label[1]","<label for=""edit-classic-toolbar-new"" class=""form-item__label option"">New Drupal Navigation, Test integration <span class=""gin-new-flag"">New</span> <span class=""gin-experimental-flag"">Experimental</span></label>","/html[1]/body[1]/div[4]/div[2]/main[1]/div[4]/div[1]/form[1]/details[1]/div[1]/div[1]/label[1]","<label for=""edit-preset-focus-color"" class=""form-item__label"">Focus color</label>","baseline/theme-settings__contrast-and-descriptions__light__label.png","candidate/theme-settings__contrast-and-descriptions__light__label.png"
"138","Admin Theme (dark + light) Theme Settings (Gin vs Default Admin) - Toolbar Structure Toggle Button style regression vs Drupal 11 Gin","Theme Settings (Gin vs Default Admin)","dark + light","Toolbar Structure Toggle Button","button.toolbar-link.toolbar-link--system-admin-structure","http://drupal-11.3.10.ddev.site/admin/appearance/settings/gin","http://drupal-12-git.ddev.site:8080/admin/appearance/settings/default_admin","light: fontSize: -100.0% | lineHeight: -100.0% | paddingY: -100.0% | paddingX: -100.0% | width: -100.0% | height: -100.0% | count: -1 (-100.0%) | dark: fontSize: -100.0% | lineHeight: -100.0% | paddingY: -100.0% | paddingX: -100.0% | width: -100.0% | height: -100.0% | count: -1 (-100.0%)","unknown","http://drupal-11.3.10.ddev.site/sites/default/files/css/css_ZSWPcqw2uJ8TwO2JSDqVaNnG8j1lsv-5GNaHe27pT6c.css | http://drupal-11.3.10.ddev.site/sites/default/files/css/css_b7OQ0Fxjq0mPGm0NV_LIB7SqWH4oT-h6JoKROIUWUs8.css","","","","","/html[1]/body[1]/aside[1]/nav[1]/div[4]/ul[1]/li[1]/button[1]","<button class=""toolbar-link toolbar-link--has-icon toolbar-link--system-admin-structure""> <span class=""toolbar-link__action"">Extend</span> <span class=""toolbar-link__label"">Structure</span> </button>","","","baseline/theme-settings__contrast-and-descriptions__light__toolbar-structure-toggle.png",""
"139","Admin Theme (dark + light) Block Content Types - Button style regression vs Drupal 11 Gin","Block Content Types","dark + light","Button","button, input[type=""submit""], .button","http://drupal-11.3.10.ddev.site/admin/structure/block-content","http://drupal-12-git.ddev.site:8080/admin/structure/block-content","light: lineHeight: -5.1% | paddingY: 25.0% | paddingX: 33.7% | width: 15.4% | height: 10.2% | dark: lineHeight: -5.1% | paddingY: 25.0% | paddingX: 33.7% | width: 15.4% | height: 10.2%","http://drupal-git.ddev.site:8080/sites/default/files/css/css_SFzWad-OcQFszXrSs-4RuPgtLO8pLHTFFRrHqGeMGXU.css | http://drupal-git.ddev.site:8080/sites/default/files/css/css_TwkthHK5fMOLDBR92pYhSmHj4w5qy3QrqmDOnh7ZvMU.css","http://drupal-11.3.10.ddev.site/sites/default/files/css/css_Ji_ga5AK23Vpj4PsiOndE4LI-G_JA3DXVG2nn8fUpzQ.css | http://drupal-11.3.10.ddev.site/sites/default/files/css/css_jCbHPfzUcPdgQs_29JjfWM9gg6XXE2s20hWDS4A23gk.css","http://drupal-git.ddev.site:8080/sites/default/files/css/css_SFzWad-OcQFszXrSs-4RuPgtLO8pLHTFFRrHqGeMGXU.css | http://drupal-git.ddev.site:8080/sites/default/files/css/css_TwkthHK5fMOLDBR92pYhSmHj4w5qy3QrqmDOnh7ZvMU.css","high","button, input, optgroup, select, textarea","line-height: 16.9px; /* current ~16px */ | padding-block: 16px; /* current ~20px */ | padding-inline: 20.6px; /* current ~27.5px */ | min-height: 36.3px; /* current ~40px */","/html[1]/body[1]/aside[1]/nav[1]/div[2]/ul[1]/li[1]/button[1]","<button class=""toolbar-link toolbar-link--has-icon toolbar-link--create""> <span class=""toolbar-link__action"">Extend</span> <span class=""toolbar-link__label"">Create</span> </button>","/html[1]/body[1]/aside[1]/nav[1]/div[1]/div[2]/ul[1]/li[1]/button[1]","<button aria-expanded=""false"" aria-controls=""navigation-link--navigationcreate-1716402096"" data-toolbar-popover-control="""" data-has-safe-triangle="""" data-component-id=""navigation:toolbar-button"" data-index-text=""c"" data-icon-text=""Cr"" class=""toolbar-button toolbar-button--icon--navigation-create toolbar-button--expand--side toolbar-button--collapsible toolbar-popover__control"" data-once=""safe-triangle""> <svg width=""20"" height=""20"" viewBox=""0 0 24 24"" fill=""none"" class=""toolbar-button__icon"" aria-hidden=""true""> <path d=""M12 2.25C10.0716 2.25 8.18657 2.82183 6.58319 3.89317C4.97982 4.96452 3.73013 6.48726 2.99218 8.26884C2.25422 10.0504 2.06114 12.0108 2.43735 13.9021C2.81355 15.7934 3.74215 17.5307 5.10571 18.8943C6.46928 20.2579 8.20656 21.1865 10.0979 21.5627C11.9892 21.9389 13.9496 21.74","baseline/block-content__default__light__button.png","candidate/block-content__default__light__button.png"
"140","Admin Theme (dark + light) Block Content Types - Dropbutton Toggle Button style regression vs Drupal 11 Gin","Block Content Types","dark + light","Dropbutton Toggle Button",".dropbutton-wrapper .dropbutton__toggle, .dropbutton-toggle button.dropbutton__toggle","http://drupal-11.3.10.ddev.site/admin/structure/block-content","http://drupal-12-git.ddev.site:8080/admin/structure/block-content","light: fontSize: -12.5% | dark: fontSize: -12.5%","core/themes/default_admin/css/components/dropbutton.css | core/themes/default_admin/css/components/dropbutton.pcss.css","http://drupal-11.3.10.ddev.site/sites/default/files/css/css_Ji_ga5AK23Vpj4PsiOndE4LI-G_JA3DXVG2nn8fUpzQ.css | http://drupal-11.3.10.ddev.site/sites/default/files/css/css_jCbHPfzUcPdgQs_29JjfWM9gg6XXE2s20hWDS4A23gk.css | http://drupal-11.3.10.ddev.site/sites/default/files/css/css_92ot4r8VwzMCzBRreiG8ryjZuwyROzI88VVjL7S8YzY.css","http://drupal-git.ddev.site:8080/sites/default/files/css/css_SFzWad-OcQFszXrSs-4RuPgtLO8pLHTFFRrHqGeMGXU.css | http://drupal-git.ddev.site:8080/sites/default/files/css/css_TwkthHK5fMOLDBR92pYhSmHj4w5qy3QrqmDOnh7ZvMU.css","","","","/html[1]/body[1]/div[2]/div[5]/main[1]/div[4]/div[1]/div[1]/div[1]/table[1]/tbody[1]/tr[1]/td[3]/div[1]/div[1]/ul[1]/li[2]/button[1]","<button type=""button"" class=""dropbutton__toggle""><span class=""visually-hidden"">List additional actions</span></button>","/html[1]/body[1]/div[4]/div[2]/main[1]/div[4]/div[1]/div[1]/div[1]/table[1]/tbody[1]/tr[1]/td[3]/div[1]/div[1]/ul[1]/li[2]/button[1]","<button type=""button"" class=""dropbutton__toggle""><span class=""visually-hidden"">List additional actions</span></button>","",""
"141","Admin Theme (dark + light) Block Content Types - Dropbutton Secondary Actions List style regression vs Drupal 11 Gin","Block Content Types","dark + light","Dropbutton Secondary Actions List",".dropbutton-wrapper .dropbutton__items","http://drupal-11.3.10.ddev.site/admin/structure/block-content","http://drupal-12-git.ddev.site:8080/admin/structure/block-content","light: width: -11.1% | dark: width: -11.1%","http://drupal-git.ddev.site:8080/sites/default/files/css/css_TwkthHK5fMOLDBR92pYhSmHj4w5qy3QrqmDOnh7ZvMU.css","http://drupal-11.3.10.ddev.site/sites/default/files/css/css_jCbHPfzUcPdgQs_29JjfWM9gg6XXE2s20hWDS4A23gk.css | http://drupal-11.3.10.ddev.site/sites/default/files/css/css_92ot4r8VwzMCzBRreiG8ryjZuwyROzI88VVjL7S8YzY.css","http://drupal-git.ddev.site:8080/sites/default/files/css/css_TwkthHK5fMOLDBR92pYhSmHj4w5qy3QrqmDOnh7ZvMU.css","","","","/html[1]/body[1]/div[2]/div[5]/main[1]/div[4]/div[1]/div[1]/div[1]/table[1]/tbody[1]/tr[1]/td[3]/div[1]/div[1]/ul[1]/li[3]/ul[1]","<ul class=""dropbutton__items"" style=""position: absolute; overflow-y: auto; top: 100%; bottom: auto; max-height: 736px;""> <li class=""manage-form-display dropbutton__item dropbutton-action secondary-action""><a href=""/admin/structure/block-content/manage/basic/form-display"">Manage form display</a></li> <li class=""manage-display dropbutton__item dropbutton-action secondary-action""><a href=""/admin/structure/block-content/manage/basic/display"">Manage display</a></li> <li class=""edit dropbutton__item dropbutton-action secondary-action""><a href=""/admin/structure/block-content/manage/basic?destination=/admin/structure/block-content"" aria-label=""Edit Basic block"">Edit</a></li> <li class=""manage-permissions dropbutton__item dropbutton-action secondary-action""><a href=""/admin/structure/block-content/m","/html[1]/body[1]/div[4]/div[2]/main[1]/div[4]/div[1]/div[1]/div[1]/table[1]/tbody[1]/tr[1]/td[3]/div[1]/div[1]/ul[1]/li[3]/ul[1]","<ul class=""dropbutton__items"" style=""position: fixed; left: 1109.83px; right: auto; top: 251px;""> <li class=""manage-form-display dropbutton__item dropbutton-action secondary-action""><a href=""/admin/structure/block-content/manage/basic/form-display"">Manage form display</a></li> <li class=""manage-display dropbutton__item dropbutton-action secondary-action""><a href=""/admin/structure/block-content/manage/basic/display"">Manage display</a></li> <li class=""edit dropbutton__item dropbutton-action secondary-action""><a href=""/admin/structure/block-content/manage/basic?destination=/admin/structure/block-content"" aria-label=""Edit Basic block"">Edit</a></li> <li class=""manage-permissions dropbutton__item dropbutton-action secondary-action""><a href=""/admin/structure/block-content/manage/basic/permissions","baseline/block-content__default__light__dropbutton-secondary-list.png","candidate/block-content__default__light__dropbutton-secondary-list.png"
"142","Admin Theme (dark + light) Block Content Types - Toolbar Structure Toggle Button style regression vs Drupal 11 Gin","Block Content Types","dark + light","Toolbar Structure Toggle Button","button.toolbar-link.toolbar-link--system-admin-structure","http://drupal-11.3.10.ddev.site/admin/structure/block-content","http://drupal-12-git.ddev.site:8080/admin/structure/block-content","light: fontSize: -100.0% | lineHeight: -100.0% | paddingY: -100.0% | paddingX: -100.0% | width: -100.0% | height: -100.0% | count: -1 (-100.0%) | dark: fontSize: -100.0% | lineHeight: -100.0% | paddingY: -100.0% | paddingX: -100.0% | width: -100.0% | height: -100.0% | count: -1 (-100.0%)","unknown","http://drupal-11.3.10.ddev.site/sites/default/files/css/css_Ji_ga5AK23Vpj4PsiOndE4LI-G_JA3DXVG2nn8fUpzQ.css | http://drupal-11.3.10.ddev.site/sites/default/files/css/css_jCbHPfzUcPdgQs_29JjfWM9gg6XXE2s20hWDS4A23gk.css","","","","","/html[1]/body[1]/aside[1]/nav[1]/div[4]/ul[1]/li[1]/button[1]","<button class=""toolbar-link toolbar-link--has-icon toolbar-link--system-admin-structure""> <span class=""toolbar-link__action"">Extend</span> <span class=""toolbar-link__label"">Structure</span> </button>","","","baseline/block-content__default__light__toolbar-structure-toggle.png",""
"143","Admin Theme (dark + light) People List - Button style regression vs Drupal 11 Gin","People List","dark + light","Button","button, input[type=""submit""], .button","http://drupal-11.3.10.ddev.site/admin/people","http://drupal-12-git.ddev.site:8080/admin/people","light: paddingY: 23.1% | paddingX: 34.1% | width: 28.5% | dark: paddingY: 23.1% | paddingX: 34.1% | width: 28.5%","http://drupal-git.ddev.site:8080/sites/default/files/css/css_VXGYFfzgLhgAI_x_aaiEDS39VwTBW5zhmbThW43RvU0.css | http://drupal-git.ddev.site:8080/sites/default/files/css/css_LSDC0mQSUYUe-MIxUavBq49SD8SI93myoZ4iAI6BEZk.css | http://drupal-git.ddev.site:8080/sites/default/files/css/css_nPckB4DV-RFbxCpBvH64vRhNH8eHAMk_bPZn679lykQ.css","http://drupal-11.3.10.ddev.site/sites/default/files/css/css_I_wMP6a5VAjGwdRogbfaEU2S3u0Jcfsm9GUJBhnA6B8.css | http://drupal-11.3.10.ddev.site/sites/default/files/css/css_So8IHg9BfQ3KAuA47RAJ8vJcQkfNAFn1DaLla-6Py6o.css","http://drupal-git.ddev.site:8080/sites/default/files/css/css_VXGYFfzgLhgAI_x_aaiEDS39VwTBW5zhmbThW43RvU0.css | http://drupal-git.ddev.site:8080/sites/default/files/css/css_LSDC0mQSUYUe-MIxUavBq49SD8SI93myoZ4iAI6BEZk.css","","","","/html[1]/body[1]/aside[1]/nav[1]/div[2]/ul[1]/li[1]/button[1]","<button class=""toolbar-link toolbar-link--has-icon toolbar-link--create""> <span class=""toolbar-link__action"">Extend</span> <span class=""toolbar-link__label"">Create</span> </button>","/html[1]/body[1]/aside[1]/nav[1]/div[1]/div[2]/ul[1]/li[1]/button[1]","<button aria-expanded=""false"" aria-controls=""navigation-link--navigationcreate-1716402096"" data-toolbar-popover-control="""" data-has-safe-triangle="""" data-component-id=""navigation:toolbar-button"" data-index-text=""c"" data-icon-text=""Cr"" class=""toolbar-button toolbar-button--icon--navigation-create toolbar-button--expand--side toolbar-button--collapsible toolbar-popover__control"" data-once=""safe-triangle""> <svg width=""20"" height=""20"" viewBox=""0 0 24 24"" fill=""none"" class=""toolbar-button__icon"" aria-hidden=""true""> <path d=""M12 2.25C10.0716 2.25 8.18657 2.82183 6.58319 3.89317C4.97982 4.96452 3.73013 6.48726 2.99218 8.26884C2.25422 10.0504 2.06114 12.0108 2.43735 13.9021C2.81355 15.7934 3.74215 17.5307 5.10571 18.8943C6.46928 20.2579 8.20656 21.1865 10.0979 21.5627C11.9892 21.9389 13.9496 21.74","baseline/people-list__default__light__button.png","candidate/people-list__default__light__button.png"
"144","Admin Theme (dark + light) People List - Details Summary style regression vs Drupal 11 Gin","People List","dark + light","Details Summary","details > summary","http://drupal-11.3.10.ddev.site/admin/people","http://drupal-12-git.ddev.site:8080/admin/people","light: fontSize: -100.0% | lineHeight: -100.0% | paddingY: -100.0% | paddingX: -100.0% | width: -100.0% | height: -100.0% | count: -2 (-100.0%) | dark: fontSize: -100.0% | lineHeight: -100.0% | paddingY: -100.0% | paddingX: -100.0% | width: -100.0% | height: -100.0% | count: -1 (-100.0%)","unknown","http://drupal-11.3.10.ddev.site/sites/default/files/css/css_I_wMP6a5VAjGwdRogbfaEU2S3u0Jcfsm9GUJBhnA6B8.css | http://drupal-11.3.10.ddev.site/sites/default/files/css/css_So8IHg9BfQ3KAuA47RAJ8vJcQkfNAFn1DaLla-6Py6o.css | http://drupal-11.3.10.ddev.site/sites/default/files/css/css_92ot4r8VwzMCzBRreiG8ryjZuwyROzI88VVjL7S8YzY.css","","","","","/html[1]/body[1]/div[2]/div[5]/main[1]/div[2]/div[2]/div[1]/div[1]/div[2]/ul[1]/li[1]/details[1]/summary[1]","<summary><em class=""placeholder"">Deprecated function</em>: Using null as an array offset is deprecated, use an empty string instead in <em class=""placeholder"">Drupal\Core\Entity\ContentEntityBase-&gt;hasTranslation()</em> (line <em class=""placeholder"">984</em> of <em class=""placeholder"">core/lib/Drupal/Core/Entity/ContentEntityBase.php</em>).</summary>","","","baseline/people-list__default__light__details-summary.png",""
"145","Admin Theme (dark + light) People List - Form Label style regression vs Drupal 11 Gin","People List","dark + light","Form Label","label","http://drupal-11.3.10.ddev.site/admin/people","http://drupal-12-git.ddev.site:8080/admin/people","light: paddingX: 40.0% | width: 179.1% | height: -46.5% | count: -2 (-28.6%) | dark: paddingX: 40.0% | width: 179.1% | height: -46.5% | count: -2 (-28.6%)","core/themes/default_admin/css/components/form.css | core/themes/default_admin/css/components/form.pcss.css | core/themes/default_admin/css/components/tables.css | core/themes/default_admin/css/components/tables.pcss.css","http://drupal-11.3.10.ddev.site/sites/default/files/css/css_So8IHg9BfQ3KAuA47RAJ8vJcQkfNAFn1DaLla-6Py6o.css | http://drupal-11.3.10.ddev.site/sites/default/files/css/css_92ot4r8VwzMCzBRreiG8ryjZuwyROzI88VVjL7S8YzY.css","http://drupal-git.ddev.site:8080/sites/default/files/css/css_LSDC0mQSUYUe-MIxUavBq49SD8SI93myoZ4iAI6BEZk.css","","","","/html[1]/body[1]/div[2]/div[5]/main[1]/div[4]/div[1]/div[1]/div[1]/div[1]/form[1]/div[1]/label[1]","<label for=""edit-user"" class=""form-item__label"">Name or email contains</label>","/html[1]/body[1]/div[4]/div[2]/main[1]/div[4]/div[1]/div[1]/div[1]/div[1]/form[1]/div[1]/label[1]","<label for=""edit-user"" class=""form-item__label"">Name or email contains</label>","","candidate/people-list__default__light__label.png"
"146","Admin Theme (dark + light) People List - Dropbutton Wrapper style regression vs Drupal 11 Gin","People List","dark + light","Dropbutton Wrapper",".dropbutton-wrapper.dropbutton-multiple, .dropbutton-wrapper","http://drupal-11.3.10.ddev.site/admin/people","http://drupal-12-git.ddev.site:8080/admin/people","light: width: -22.0% | dark: width: -22.0%","core/themes/default_admin/css/components/dropbutton.css | core/themes/default_admin/css/components/dropbutton.pcss.css | core/themes/default_admin/css/components/views-ui.css | core/themes/default_admin/css/components/views-ui.pcss.css","http://drupal-11.3.10.ddev.site/sites/default/files/css/css_I_wMP6a5VAjGwdRogbfaEU2S3u0Jcfsm9GUJBhnA6B8.css | http://drupal-11.3.10.ddev.site/sites/default/files/css/css_So8IHg9BfQ3KAuA47RAJ8vJcQkfNAFn1DaLla-6Py6o.css | http://drupal-11.3.10.ddev.site/sites/default/files/css/css_92ot4r8VwzMCzBRreiG8ryjZuwyROzI88VVjL7S8YzY.css","http://drupal-git.ddev.site:8080/sites/default/files/css/css_LSDC0mQSUYUe-MIxUavBq49SD8SI93myoZ4iAI6BEZk.css","","","","/html[1]/body[1]/div[2]/div[5]/main[1]/div[4]/div[1]/div[1]/div[1]/div[2]/div[1]/form[1]/div[2]/table[1]/tbody[1]/tr[1]/td[7]/div[1]","<div class=""dropbutton-wrapper dropbutton-multiple open"" data-drupal-ajax-container="""" data-once=""dropbutton ginDropbutton""> <div class=""dropbutton-widget""><ul class=""dropbutton dropbutton--extrasmall dropbutton--multiple dropbutton--gin""> <li class=""edit dropbutton__item dropbutton-action""><a href=""/user/2/edit?destination=/admin/people"" aria-label=""Edit editor1"" hreflang=""en"">Edit</a></li><li class=""dropbutton-toggle""><button type=""button"" class=""dropbutton__toggle""><span class=""visually-hidden"">List additional actions</span></button></li> <li class=""dropbutton__item dropbutton-action secondary-action""> <ul class=""dropbutton__items"" style=""position: absolute; overflow-y: auto; top: 100%; bottom: auto; max-height: 320.328px;""> <li class=""view dropbutton__item dropbutton-action secondary-a","/html[1]/body[1]/div[4]/div[2]/main[1]/div[4]/div[1]/div[1]/div[1]/div[2]/div[1]/form[1]/div[2]/table[1]/tbody[1]/tr[1]/td[7]/div[1]","<div class=""dropbutton-wrapper dropbutton-multiple open"" data-drupal-ajax-container="""" data-once=""dropbutton ginDropbutton""> <div class=""dropbutton-widget""><ul class=""dropbutton dropbutton--extrasmall dropbutton--multiple dropbutton--gin""> <li class=""edit dropbutton__item dropbutton-action""><a href=""/user/2/edit?destination=/admin/people"" aria-label=""Edit editor1"" hreflang=""en"">Edit</a></li><li class=""dropbutton-toggle""><button type=""button"" class=""dropbutton__toggle""><span class=""visually-hidden"">List additional actions</span></button></li> <li class=""dropbutton__item dropbutton-action secondary-action""> <ul class=""dropbutton__items"" style=""position: fixed; left: auto; right: 75px; top: 420.203px;""> <li class=""view dropbutton__item dropbutton-action secondary-action""><a href=""/user/2?dest","baseline/people-list__default__light__dropbutton-wrapper.png","candidate/people-list__default__light__dropbutton-wrapper.png"
"147","Admin Theme (dark + light) People List - Dropbutton Primary Action Link style regression vs Drupal 11 Gin","People List","dark + light","Dropbutton Primary Action Link",".dropbutton-wrapper .dropbutton__item.dropbutton-action > a","http://drupal-11.3.10.ddev.site/admin/people","http://drupal-12-git.ddev.site:8080/admin/people","light: paddingX: -13.6% | dark: paddingX: -13.6%","core/themes/default_admin/css/base/elements.css | core/themes/default_admin/css/base/elements.pcss.css | core/themes/default_admin/css/components/dropbutton.css | core/themes/default_admin/css/components/dropbutton.pcss.css | core/themes/default_admin/css/base/print.css | core/themes/default_admin/css/base/print.pcss.css","http://drupal-11.3.10.ddev.site/sites/default/files/css/css_I_wMP6a5VAjGwdRogbfaEU2S3u0Jcfsm9GUJBhnA6B8.css | http://drupal-11.3.10.ddev.site/sites/default/files/css/css_So8IHg9BfQ3KAuA47RAJ8vJcQkfNAFn1DaLla-6Py6o.css | http://drupal-11.3.10.ddev.site/sites/default/files/css/css_92ot4r8VwzMCzBRreiG8ryjZuwyROzI88VVjL7S8YzY.css","http://drupal-git.ddev.site:8080/sites/default/files/css/css_VXGYFfzgLhgAI_x_aaiEDS39VwTBW5zhmbThW43RvU0.css | http://drupal-git.ddev.site:8080/sites/default/files/css/css_LSDC0mQSUYUe-MIxUavBq49SD8SI93myoZ4iAI6BEZk.css","","","","/html[1]/body[1]/div[2]/div[5]/main[1]/div[4]/div[1]/div[1]/div[1]/div[2]/div[1]/form[1]/div[2]/table[1]/tbody[1]/tr[1]/td[7]/div[1]/div[1]/ul[1]/li[1]/a[1]","<a href=""/user/2/edit?destination=/admin/people"" aria-label=""Edit editor1"" hreflang=""en"">Edit</a>","/html[1]/body[1]/div[4]/div[2]/main[1]/div[4]/div[1]/div[1]/div[1]/div[2]/div[1]/form[1]/div[2]/table[1]/tbody[1]/tr[1]/td[7]/div[1]/div[1]/ul[1]/li[1]/a[1]","<a href=""/user/2/edit?destination=/admin/people"" aria-label=""Edit editor1"" hreflang=""en"">Edit</a>","baseline/people-list__default__light__dropbutton-primary-action.png","candidate/people-list__default__light__dropbutton-primary-action.png"
"148","Admin Theme (dark + light) People List - Dropbutton Toggle Button style regression vs Drupal 11 Gin","People List","dark + light","Dropbutton Toggle Button",".dropbutton-wrapper .dropbutton__toggle, .dropbutton-toggle button.dropbutton__toggle","http://drupal-11.3.10.ddev.site/admin/people","http://drupal-12-git.ddev.site:8080/admin/people","light: fontSize: -12.5% | dark: fontSize: -12.5%","core/themes/default_admin/css/components/dropbutton.css | core/themes/default_admin/css/components/dropbutton.pcss.css","http://drupal-11.3.10.ddev.site/sites/default/files/css/css_I_wMP6a5VAjGwdRogbfaEU2S3u0Jcfsm9GUJBhnA6B8.css | http://drupal-11.3.10.ddev.site/sites/default/files/css/css_So8IHg9BfQ3KAuA47RAJ8vJcQkfNAFn1DaLla-6Py6o.css | http://drupal-11.3.10.ddev.site/sites/default/files/css/css_92ot4r8VwzMCzBRreiG8ryjZuwyROzI88VVjL7S8YzY.css","http://drupal-git.ddev.site:8080/sites/default/files/css/css_VXGYFfzgLhgAI_x_aaiEDS39VwTBW5zhmbThW43RvU0.css | http://drupal-git.ddev.site:8080/sites/default/files/css/css_LSDC0mQSUYUe-MIxUavBq49SD8SI93myoZ4iAI6BEZk.css","","","","/html[1]/body[1]/div[2]/div[5]/main[1]/div[4]/div[1]/div[1]/div[1]/div[2]/div[1]/form[1]/div[2]/table[1]/tbody[1]/tr[1]/td[7]/div[1]/div[1]/ul[1]/li[2]/button[1]","<button type=""button"" class=""dropbutton__toggle""><span class=""visually-hidden"">List additional actions</span></button>","/html[1]/body[1]/div[4]/div[2]/main[1]/div[4]/div[1]/div[1]/div[1]/div[2]/div[1]/form[1]/div[2]/table[1]/tbody[1]/tr[1]/td[7]/div[1]/div[1]/ul[1]/li[2]/button[1]","<button type=""button"" class=""dropbutton__toggle""><span class=""visually-hidden"">List additional actions</span></button>","",""
"149","Admin Theme (dark + light) People List - Dropbutton Secondary Action Link style regression vs Drupal 11 Gin","People List","dark + light","Dropbutton Secondary Action Link",".dropbutton-wrapper .dropbutton__items .dropbutton__item a","http://drupal-11.3.10.ddev.site/admin/people","http://drupal-12-git.ddev.site:8080/admin/people","light: width: 25.3% | dark: width: 25.3%","core/themes/default_admin/css/base/elements.css | core/themes/default_admin/css/base/elements.pcss.css | core/themes/default_admin/css/base/print.css | core/themes/default_admin/css/base/print.pcss.css","http://drupal-11.3.10.ddev.site/sites/default/files/css/css_I_wMP6a5VAjGwdRogbfaEU2S3u0Jcfsm9GUJBhnA6B8.css | http://drupal-11.3.10.ddev.site/sites/default/files/css/css_So8IHg9BfQ3KAuA47RAJ8vJcQkfNAFn1DaLla-6Py6o.css | http://drupal-11.3.10.ddev.site/sites/default/files/css/css_92ot4r8VwzMCzBRreiG8ryjZuwyROzI88VVjL7S8YzY.css","http://drupal-git.ddev.site:8080/sites/default/files/css/css_VXGYFfzgLhgAI_x_aaiEDS39VwTBW5zhmbThW43RvU0.css | http://drupal-git.ddev.site:8080/sites/default/files/css/css_LSDC0mQSUYUe-MIxUavBq49SD8SI93myoZ4iAI6BEZk.css","","","","/html[1]/body[1]/div[2]/div[5]/main[1]/div[4]/div[1]/div[1]/div[1]/div[2]/div[1]/form[1]/div[2]/table[1]/tbody[1]/tr[1]/td[7]/div[1]/div[1]/ul[1]/li[3]/ul[1]/li[1]/a[1]","<a href=""/user/2?destination=/admin/people"" aria-label=""View editor1"" hreflang=""en"">View</a>","/html[1]/body[1]/div[4]/div[2]/main[1]/div[4]/div[1]/div[1]/div[1]/div[2]/div[1]/form[1]/div[2]/table[1]/tbody[1]/tr[1]/td[7]/div[1]/div[1]/ul[1]/li[3]/ul[1]/li[1]/a[1]","<a href=""/user/2?destination=/admin/people"" aria-label=""View editor1"" hreflang=""en"">View</a>","baseline/people-list__default__light__dropbutton-secondary-action.png","candidate/people-list__default__light__dropbutton-secondary-action.png"
"150","Admin Theme (dark + light) People List - Toolbar Structure Toggle Button style regression vs Drupal 11 Gin","People List","dark + light","Toolbar Structure Toggle Button","button.toolbar-link.toolbar-link--system-admin-structure","http://drupal-11.3.10.ddev.site/admin/people","http://drupal-12-git.ddev.site:8080/admin/people","light: fontSize: -100.0% | lineHeight: -100.0% | paddingY: -100.0% | paddingX: -100.0% | width: -100.0% | height: -100.0% | count: -1 (-100.0%) | dark: fontSize: -100.0% | lineHeight: -100.0% | paddingY: -100.0% | paddingX: -100.0% | width: -100.0% | height: -100.0% | count: -1 (-100.0%)","unknown","http://drupal-11.3.10.ddev.site/sites/default/files/css/css_I_wMP6a5VAjGwdRogbfaEU2S3u0Jcfsm9GUJBhnA6B8.css | http://drupal-11.3.10.ddev.site/sites/default/files/css/css_So8IHg9BfQ3KAuA47RAJ8vJcQkfNAFn1DaLla-6Py6o.css","","","","","/html[1]/body[1]/aside[1]/nav[1]/div[4]/ul[1]/li[1]/button[1]","<button class=""toolbar-link toolbar-link--has-icon toolbar-link--system-admin-structure""> <span class=""toolbar-link__action"">Extend</span> <span class=""toolbar-link__label"">Structure</span> </button>","","","baseline/people-list__default__light__toolbar-structure-toggle.png",""
"151","Admin Theme (dark + light) People Roles - Button style regression vs Drupal 11 Gin","People Roles","dark + light","Button","button, input[type=""submit""], .button","http://drupal-11.3.10.ddev.site/admin/people/roles","http://drupal-12-git.ddev.site:8080/admin/people/roles","light: lineHeight: -9.9% | paddingY: 42.9% | paddingX: 52.8% | width: 23.0% | height: 14.3% | dark: lineHeight: -9.9% | paddingY: 42.9% | paddingX: 52.8% | width: 23.0% | height: 14.3%","http://drupal-git.ddev.site:8080/sites/default/files/css/css_SFzWad-OcQFszXrSs-4RuPgtLO8pLHTFFRrHqGeMGXU.css | http://drupal-git.ddev.site:8080/sites/default/files/css/css_LxgsxtyChIdi0pZuIoZxdfReWzQuwQSWNhF3N54e2KQ.css | http://drupal-git.ddev.site:8080/sites/default/files/css/css_nigtQVj6Dm9FTv5zMQ3XO7E6tmhB-17OvOLRwXc24JI.css","http://drupal-11.3.10.ddev.site/sites/default/files/css/css_A1zJ5pseS5tg1Z5tbXbiVhCaB8SSrDrf4WkqbdcblAo.css | http://drupal-11.3.10.ddev.site/sites/default/files/css/css_jCbHPfzUcPdgQs_29JjfWM9gg6XXE2s20hWDS4A23gk.css","http://drupal-git.ddev.site:8080/sites/default/files/css/css_SFzWad-OcQFszXrSs-4RuPgtLO8pLHTFFRrHqGeMGXU.css | http://drupal-git.ddev.site:8080/sites/default/files/css/css_LxgsxtyChIdi0pZuIoZxdfReWzQuwQSWNhF3N54e2KQ.css","high","button, input, optgroup, select, textarea","line-height: 17.8px; /* current ~16px */ | padding-block: 14px; /* current ~20px */ | padding-inline: 18px; /* current ~27.5px */ | min-height: 35px; /* current ~40px */","/html[1]/body[1]/aside[1]/nav[1]/div[2]/ul[1]/li[1]/button[1]","<button class=""toolbar-link toolbar-link--has-icon toolbar-link--create""> <span class=""toolbar-link__action"">Extend</span> <span class=""toolbar-link__label"">Create</span> </button>","/html[1]/body[1]/aside[1]/nav[1]/div[1]/div[2]/ul[1]/li[1]/button[1]","<button aria-expanded=""false"" aria-controls=""navigation-link--navigationcreate-1716402096"" data-toolbar-popover-control="""" data-has-safe-triangle="""" data-component-id=""navigation:toolbar-button"" data-index-text=""c"" data-icon-text=""Cr"" class=""toolbar-button toolbar-button--icon--navigation-create toolbar-button--expand--side toolbar-button--collapsible toolbar-popover__control"" data-once=""safe-triangle""> <svg width=""20"" height=""20"" viewBox=""0 0 24 24"" fill=""none"" class=""toolbar-button__icon"" aria-hidden=""true""> <path d=""M12 2.25C10.0716 2.25 8.18657 2.82183 6.58319 3.89317C4.97982 4.96452 3.73013 6.48726 2.99218 8.26884C2.25422 10.0504 2.06114 12.0108 2.43735 13.9021C2.81355 15.7934 3.74215 17.5307 5.10571 18.8943C6.46928 20.2579 8.20656 21.1865 10.0979 21.5627C11.9892 21.9389 13.9496 21.74","baseline/people-roles__default__light__button.png","candidate/people-roles__default__light__button.png"
"152","Admin Theme (dark + light) People Roles - Table Header Cell style regression vs Drupal 11 Gin","People Roles","dark + light","Table Header Cell","table thead th","http://drupal-11.3.10.ddev.site/admin/people/roles","http://drupal-12-git.ddev.site:8080/admin/people/roles","light: height: 13.2% | dark: height: 13.2%","core/themes/default_admin/css/components/tables.css | core/themes/default_admin/css/components/tables.pcss.css","http://drupal-11.3.10.ddev.site/sites/default/files/css/css_jCbHPfzUcPdgQs_29JjfWM9gg6XXE2s20hWDS4A23gk.css | http://drupal-11.3.10.ddev.site/sites/default/files/css/css_92ot4r8VwzMCzBRreiG8ryjZuwyROzI88VVjL7S8YzY.css","http://drupal-git.ddev.site:8080/sites/default/files/css/css_LxgsxtyChIdi0pZuIoZxdfReWzQuwQSWNhF3N54e2KQ.css","","","","/html[1]/body[1]/div[2]/div[5]/main[1]/div[4]/div[1]/form[1]/div[1]/div[2]/table[1]/thead[1]/tr[1]/th[1]","<th class=""th__name"">Name </th>","/html[1]/body[1]/div[4]/div[2]/main[1]/div[4]/div[1]/form[1]/div[1]/div[2]/table[1]/thead[1]/tr[1]/th[1]","<th class=""th__name"">Name </th>","baseline/people-roles__default__light__table-header.png","candidate/people-roles__default__light__table-header.png"
"153","Admin Theme (dark + light) People Roles - Dropbutton Wrapper style regression vs Drupal 11 Gin","People Roles","dark + light","Dropbutton Wrapper",".dropbutton-wrapper.dropbutton-multiple, .dropbutton-wrapper","http://drupal-11.3.10.ddev.site/admin/people/roles","http://drupal-12-git.ddev.site:8080/admin/people/roles","light: width: -22.0% | dark: width: -22.0%","core/themes/default_admin/css/components/dropbutton.css | core/themes/default_admin/css/components/dropbutton.pcss.css | core/themes/default_admin/css/components/views-ui.css | core/themes/default_admin/css/components/views-ui.pcss.css","http://drupal-11.3.10.ddev.site/sites/default/files/css/css_A1zJ5pseS5tg1Z5tbXbiVhCaB8SSrDrf4WkqbdcblAo.css | http://drupal-11.3.10.ddev.site/sites/default/files/css/css_jCbHPfzUcPdgQs_29JjfWM9gg6XXE2s20hWDS4A23gk.css | http://drupal-11.3.10.ddev.site/sites/default/files/css/css_92ot4r8VwzMCzBRreiG8ryjZuwyROzI88VVjL7S8YzY.css","http://drupal-git.ddev.site:8080/sites/default/files/css/css_LxgsxtyChIdi0pZuIoZxdfReWzQuwQSWNhF3N54e2KQ.css","","","","/html[1]/body[1]/div[2]/div[5]/main[1]/div[4]/div[1]/form[1]/div[1]/div[2]/table[1]/tbody[1]/tr[1]/td[3]/div[1]","<div class=""dropbutton-wrapper dropbutton-multiple"" data-drupal-ajax-container="""" data-once=""dropbutton ginDropbutton""> <div class=""dropbutton-widget""><ul data-drupal-selector=""edit-entities-anonymous-operations-data"" class=""dropbutton dropbutton--extrasmall dropbutton--multiple dropbutton--gin""> <li class=""edit dropbutton__item dropbutton-action""><a href=""/admin/people/roles/manage/anonymous?destination=/admin/people/roles"" aria-label=""Edit Anonymous user"">Edit</a></li><li class=""dropbutton-toggle""><button type=""button"" class=""dropbutton__toggle""><span class=""visually-hidden"">List additional actions</span></button></li> <li class=""dropbutton__item dropbutton-action secondary-action""> <ul class=""dropbutton__items"" style=""position: absolute; overflow-y: auto; top: 100%; bottom: auto; max-he","/html[1]/body[1]/div[4]/div[2]/main[1]/div[4]/div[1]/form[1]/div[1]/div[2]/table[1]/tbody[1]/tr[1]/td[3]/div[1]","<div class=""dropbutton-wrapper dropbutton-multiple"" data-drupal-ajax-container="""" data-once=""dropbutton ginDropbutton""> <div class=""dropbutton-widget""><ul data-drupal-selector=""edit-entities-anonymous-operations-data"" class=""dropbutton dropbutton--extrasmall dropbutton--multiple dropbutton--gin""> <li class=""edit dropbutton__item dropbutton-action""><a href=""/admin/people/roles/manage/anonymous?destination=/admin/people/roles"" aria-label=""Edit Anonymous user"">Edit</a></li><li class=""dropbutton-toggle""><button type=""button"" class=""dropbutton__toggle""><span class=""visually-hidden"">List additional actions</span></button></li> <li class=""dropbutton__item dropbutton-action secondary-action""> <ul class=""dropbutton__items"" style=""position: fixed; left: 1053.22px; right: auto; top: 440.203px;""> <li ","baseline/people-roles__default__light__dropbutton-wrapper.png","candidate/people-roles__default__light__dropbutton-wrapper.png"
"154","Admin Theme (dark + light) People Roles - Dropbutton Primary Action Link style regression vs Drupal 11 Gin","People Roles","dark + light","Dropbutton Primary Action Link",".dropbutton-wrapper .dropbutton__item.dropbutton-action > a","http://drupal-11.3.10.ddev.site/admin/people/roles","http://drupal-12-git.ddev.site:8080/admin/people/roles","light: paddingX: -13.6% | width: -19.4% | dark: paddingX: -13.6% | width: -19.4%","core/themes/default_admin/css/base/elements.css | core/themes/default_admin/css/base/elements.pcss.css | core/themes/default_admin/css/components/dropbutton.css | core/themes/default_admin/css/components/dropbutton.pcss.css | core/themes/default_admin/css/base/print.css | core/themes/default_admin/css/base/print.pcss.css","http://drupal-11.3.10.ddev.site/sites/default/files/css/css_A1zJ5pseS5tg1Z5tbXbiVhCaB8SSrDrf4WkqbdcblAo.css | http://drupal-11.3.10.ddev.site/sites/default/files/css/css_jCbHPfzUcPdgQs_29JjfWM9gg6XXE2s20hWDS4A23gk.css | http://drupal-11.3.10.ddev.site/sites/default/files/css/css_92ot4r8VwzMCzBRreiG8ryjZuwyROzI88VVjL7S8YzY.css","http://drupal-git.ddev.site:8080/sites/default/files/css/css_SFzWad-OcQFszXrSs-4RuPgtLO8pLHTFFRrHqGeMGXU.css | http://drupal-git.ddev.site:8080/sites/default/files/css/css_LxgsxtyChIdi0pZuIoZxdfReWzQuwQSWNhF3N54e2KQ.css","","","","/html[1]/body[1]/div[2]/div[5]/main[1]/div[4]/div[1]/form[1]/div[1]/div[2]/table[1]/tbody[1]/tr[1]/td[3]/div[1]/div[1]/ul[1]/li[1]/a[1]","<a href=""/admin/people/roles/manage/anonymous?destination=/admin/people/roles"" aria-label=""Edit Anonymous user"">Edit</a>","/html[1]/body[1]/div[4]/div[2]/main[1]/div[4]/div[1]/form[1]/div[1]/div[2]/table[1]/tbody[1]/tr[1]/td[3]/div[1]/div[1]/ul[1]/li[1]/a[1]","<a href=""/admin/people/roles/manage/anonymous?destination=/admin/people/roles"" aria-label=""Edit Anonymous user"">Edit</a>","baseline/people-roles__default__light__dropbutton-primary-action.png","candidate/people-roles__default__light__dropbutton-primary-action.png"
"155","Admin Theme (dark + light) People Roles - Dropbutton Toggle Button style regression vs Drupal 11 Gin","People Roles","dark + light","Dropbutton Toggle Button",".dropbutton-wrapper .dropbutton__toggle, .dropbutton-toggle button.dropbutton__toggle","http://drupal-11.3.10.ddev.site/admin/people/roles","http://drupal-12-git.ddev.site:8080/admin/people/roles","light: fontSize: -12.5% | dark: fontSize: -12.5%","core/themes/default_admin/css/components/dropbutton.css | core/themes/default_admin/css/components/dropbutton.pcss.css","http://drupal-11.3.10.ddev.site/sites/default/files/css/css_A1zJ5pseS5tg1Z5tbXbiVhCaB8SSrDrf4WkqbdcblAo.css | http://drupal-11.3.10.ddev.site/sites/default/files/css/css_jCbHPfzUcPdgQs_29JjfWM9gg6XXE2s20hWDS4A23gk.css | http://drupal-11.3.10.ddev.site/sites/default/files/css/css_92ot4r8VwzMCzBRreiG8ryjZuwyROzI88VVjL7S8YzY.css","http://drupal-git.ddev.site:8080/sites/default/files/css/css_SFzWad-OcQFszXrSs-4RuPgtLO8pLHTFFRrHqGeMGXU.css | http://drupal-git.ddev.site:8080/sites/default/files/css/css_LxgsxtyChIdi0pZuIoZxdfReWzQuwQSWNhF3N54e2KQ.css","","","","/html[1]/body[1]/div[2]/div[5]/main[1]/div[4]/div[1]/form[1]/div[1]/div[2]/table[1]/tbody[1]/tr[1]/td[3]/div[1]/div[1]/ul[1]/li[2]/button[1]","<button type=""button"" class=""dropbutton__toggle""><span class=""visually-hidden"">List additional actions</span></button>","/html[1]/body[1]/div[4]/div[2]/main[1]/div[4]/div[1]/form[1]/div[1]/div[2]/table[1]/tbody[1]/tr[1]/td[3]/div[1]/div[1]/ul[1]/li[2]/button[1]","<button type=""button"" class=""dropbutton__toggle""><span class=""visually-hidden"">List additional actions</span></button>","",""
"156","Admin Theme (dark + light) People Roles - Dropbutton Secondary Actions List style regression vs Drupal 11 Gin","People Roles","dark + light","Dropbutton Secondary Actions List",".dropbutton-wrapper .dropbutton__items","http://drupal-11.3.10.ddev.site/admin/people/roles","http://drupal-12-git.ddev.site:8080/admin/people/roles","light: width: -13.0% | dark: width: -13.0%","http://drupal-git.ddev.site:8080/sites/default/files/css/css_LxgsxtyChIdi0pZuIoZxdfReWzQuwQSWNhF3N54e2KQ.css","http://drupal-11.3.10.ddev.site/sites/default/files/css/css_jCbHPfzUcPdgQs_29JjfWM9gg6XXE2s20hWDS4A23gk.css | http://drupal-11.3.10.ddev.site/sites/default/files/css/css_92ot4r8VwzMCzBRreiG8ryjZuwyROzI88VVjL7S8YzY.css","http://drupal-git.ddev.site:8080/sites/default/files/css/css_LxgsxtyChIdi0pZuIoZxdfReWzQuwQSWNhF3N54e2KQ.css","","","","/html[1]/body[1]/div[2]/div[5]/main[1]/div[4]/div[1]/form[1]/div[1]/div[2]/table[1]/tbody[1]/tr[3]/td[3]/div[1]/div[1]/ul[1]/li[3]/ul[1]","<ul class=""dropbutton__items"" style=""position: absolute; overflow-y: auto; top: 100%; bottom: auto; max-height: 388.5px;""> <li class=""permissions dropbutton__item dropbutton-action secondary-action""><a href=""/admin/people/permissions/content_editor"">Edit permissions</a></li> <li class=""delete dropbutton__item dropbutton-action secondary-action""><a href=""/admin/people/roles/manage/content_editor/delete?destination=/admin/people/roles"" aria-label=""Delete Content editor"" class=""use-ajax"" data-dialog-type=""modal"" data-dialog-options=""{&quot;width&quot;:880}"" data-once=""ajax"">Delete</a></li> </ul>","/html[1]/body[1]/div[4]/div[2]/main[1]/div[4]/div[1]/form[1]/div[1]/div[2]/table[1]/tbody[1]/tr[3]/td[3]/div[1]/div[1]/ul[1]/li[3]/ul[1]","<ul class=""dropbutton__items"" style=""position: fixed; left: 1053.22px; right: auto; top: 594.203px;""> <li class=""permissions dropbutton__item dropbutton-action secondary-action""><a href=""/admin/people/permissions/content_editor"">Edit permissions</a></li> <li class=""delete dropbutton__item dropbutton-action secondary-action""><a href=""/admin/people/roles/manage/content_editor/delete?destination=/admin/people/roles"" aria-label=""Delete Content editor"" class=""use-ajax"" data-dialog-type=""modal"" data-dialog-options=""{&quot;width&quot;:880}"" data-once=""ajax"">Delete</a></li> </ul>","baseline/people-roles__default__light__dropbutton-secondary-list.png","candidate/people-roles__default__light__dropbutton-secondary-list.png"
"157","Admin Theme (dark + light) People Roles - Toolbar Structure Toggle Button style regression vs Drupal 11 Gin","People Roles","dark + light","Toolbar Structure Toggle Button","button.toolbar-link.toolbar-link--system-admin-structure","http://drupal-11.3.10.ddev.site/admin/people/roles","http://drupal-12-git.ddev.site:8080/admin/people/roles","light: fontSize: -100.0% | lineHeight: -100.0% | paddingY: -100.0% | paddingX: -100.0% | width: -100.0% | height: -100.0% | count: -1 (-100.0%) | dark: fontSize: -100.0% | lineHeight: -100.0% | paddingY: -100.0% | paddingX: -100.0% | width: -100.0% | height: -100.0% | count: -1 (-100.0%)","unknown","http://drupal-11.3.10.ddev.site/sites/default/files/css/css_A1zJ5pseS5tg1Z5tbXbiVhCaB8SSrDrf4WkqbdcblAo.css | http://drupal-11.3.10.ddev.site/sites/default/files/css/css_jCbHPfzUcPdgQs_29JjfWM9gg6XXE2s20hWDS4A23gk.css","","","","","/html[1]/body[1]/aside[1]/nav[1]/div[4]/ul[1]/li[1]/button[1]","<button class=""toolbar-link toolbar-link--has-icon toolbar-link--system-admin-structure""> <span class=""toolbar-link__action"">Extend</span> <span class=""toolbar-link__label"">Structure</span> </button>","","","baseline/people-roles__default__light__toolbar-structure-toggle.png",""
"158","Admin Theme (dark + light) People Permissions - Button style regression vs Drupal 11 Gin","People Permissions","dark + light","Button","button, input[type=""submit""], .button","http://drupal-11.3.10.ddev.site/admin/people/permissions","http://drupal-12-git.ddev.site:8080/admin/people/permissions","light: paddingY: 9.1% | paddingX: 25.0% | count: +2 (33.3%) | dark: paddingY: 9.1% | paddingX: 25.0% | count: +2 (33.3%)","http://drupal-git.ddev.site:8080/sites/default/files/css/css_Zck0B0WHIJko59e9mKer2JfwPPGPZjBY-5zUEqFk4BY.css | http://drupal-git.ddev.site:8080/sites/default/files/css/css_97R8GJLnGADk-L0BPqJsWBZ1D2ijBQOg0XyHM32QKeE.css | http://drupal-git.ddev.site:8080/sites/default/files/css/css_-dexMKJ5QmTrmGlg3YOqjsINZIn3Z2hOWjo28BrDiaI.css","http://drupal-11.3.10.ddev.site/sites/default/files/css/css_Kp4PCUtT-LHFqFVgTPNDOX9ApTK7Can2FQpXDYFnMCg.css | http://drupal-11.3.10.ddev.site/sites/default/files/css/css_jCbHPfzUcPdgQs_29JjfWM9gg6XXE2s20hWDS4A23gk.css","http://drupal-git.ddev.site:8080/sites/default/files/css/css_Zck0B0WHIJko59e9mKer2JfwPPGPZjBY-5zUEqFk4BY.css | http://drupal-git.ddev.site:8080/sites/default/files/css/css_97R8GJLnGADk-L0BPqJsWBZ1D2ijBQOg0XyHM32QKeE.css","","","","/html[1]/body[1]/aside[1]/nav[1]/div[2]/ul[1]/li[1]/button[1]","<button class=""toolbar-link toolbar-link--has-icon toolbar-link--create""> <span class=""toolbar-link__action"">Extend</span> <span class=""toolbar-link__label"">Create</span> </button>","/html[1]/body[1]/aside[1]/nav[1]/div[1]/div[2]/ul[1]/li[1]/button[1]","<button aria-expanded=""false"" aria-controls=""navigation-link--navigationcreate-1716402096"" data-toolbar-popover-control="""" data-has-safe-triangle="""" data-component-id=""navigation:toolbar-button"" data-index-text=""c"" data-icon-text=""Cr"" class=""toolbar-button toolbar-button--icon--navigation-create toolbar-button--expand--side toolbar-button--collapsible toolbar-popover__control"" data-once=""safe-triangle""> <svg width=""20"" height=""20"" viewBox=""0 0 24 24"" fill=""none"" class=""toolbar-button__icon"" aria-hidden=""true""> <path d=""M12 2.25C10.0716 2.25 8.18657 2.82183 6.58319 3.89317C4.97982 4.96452 3.73013 6.48726 2.99218 8.26884C2.25422 10.0504 2.06114 12.0108 2.43735 13.9021C2.81355 15.7934 3.74215 17.5307 5.10571 18.8943C6.46928 20.2579 8.20656 21.1865 10.0979 21.5627C11.9892 21.9389 13.9496 21.74","baseline/people-permissions__default__light__button.png","candidate/people-permissions__default__light__button.png"
"159","Admin Theme (dark + light) People Permissions - Form Label style regression vs Drupal 11 Gin","People Permissions","dark + light","Form Label","label","http://drupal-11.3.10.ddev.site/admin/people/permissions","http://drupal-12-git.ddev.site:8080/admin/people/permissions","light: width: 1035.8% | height: -77.1% | count: -7 (-87.5%) | dark: width: 1035.8% | height: -77.1% | count: -7 (-87.5%)","core/themes/default_admin/css/components/form.css | core/themes/default_admin/css/components/form.pcss.css | core/themes/default_admin/css/components/tables.css | core/themes/default_admin/css/components/tables.pcss.css","http://drupal-11.3.10.ddev.site/sites/default/files/css/css_jCbHPfzUcPdgQs_29JjfWM9gg6XXE2s20hWDS4A23gk.css | http://drupal-11.3.10.ddev.site/sites/default/files/css/css_92ot4r8VwzMCzBRreiG8ryjZuwyROzI88VVjL7S8YzY.css","http://drupal-git.ddev.site:8080/sites/default/files/css/css_97R8GJLnGADk-L0BPqJsWBZ1D2ijBQOg0XyHM32QKeE.css","","","","/html[1]/body[1]/div[2]/div[5]/main[1]/div[4]/div[1]/form[1]/div[2]/div[1]/label[1]","<label for=""edit-text"" class=""form-item__label"">Filter</label>","/html[1]/body[1]/div[4]/div[2]/main[1]/div[4]/div[1]/form[1]/div[2]/div[1]/label[1]","<label for=""edit-text"" class=""form-item__label"">Filter</label>","baseline/people-permissions__default__light__label.png","candidate/people-permissions__default__light__label.png"
"160","Admin Theme (dark + light) People Permissions - Toolbar Structure Toggle Button style regression vs Drupal 11 Gin","People Permissions","dark + light","Toolbar Structure Toggle Button","button.toolbar-link.toolbar-link--system-admin-structure","http://drupal-11.3.10.ddev.site/admin/people/permissions","http://drupal-12-git.ddev.site:8080/admin/people/permissions","light: fontSize: -100.0% | lineHeight: -100.0% | paddingY: -100.0% | paddingX: -100.0% | width: -100.0% | height: -100.0% | count: -1 (-100.0%) | dark: fontSize: -100.0% | lineHeight: -100.0% | paddingY: -100.0% | paddingX: -100.0% | width: -100.0% | height: -100.0% | count: -1 (-100.0%)","unknown","http://drupal-11.3.10.ddev.site/sites/default/files/css/css_Kp4PCUtT-LHFqFVgTPNDOX9ApTK7Can2FQpXDYFnMCg.css | http://drupal-11.3.10.ddev.site/sites/default/files/css/css_jCbHPfzUcPdgQs_29JjfWM9gg6XXE2s20hWDS4A23gk.css","","","","","/html[1]/body[1]/aside[1]/nav[1]/div[4]/ul[1]/li[1]/button[1]","<button class=""toolbar-link toolbar-link--has-icon toolbar-link--system-admin-structure""> <span class=""toolbar-link__action"">Extend</span> <span class=""toolbar-link__label"">Structure</span> </button>","","","baseline/people-permissions__default__light__toolbar-structure-toggle.png",""
"161","Admin Theme (dark + light) Reports Status - Button style regression vs Drupal 11 Gin","Reports Status","dark + light","Button","button, input[type=""submit""], .button","http://drupal-11.3.10.ddev.site/admin/reports/status","http://drupal-12-git.ddev.site:8080/admin/reports/status","light: paddingY: 17.6% | paddingX: 33.1% | count: +2 (33.3%) | dark: paddingY: 17.6% | paddingX: 33.1% | count: +2 (33.3%)","http://drupal-git.ddev.site:8080/sites/default/files/css/css_KLhKWkd-10fItBI0yB5zU1NVxtsUcnqp3mnSsic0sXw.css | http://drupal-git.ddev.site:8080/sites/default/files/css/css_RGciPg516mF7_2NWodSROSPMu5G-uRGvZfhyglWW6nQ.css","http://drupal-11.3.10.ddev.site/sites/default/files/css/css_ZSWPcqw2uJ8TwO2JSDqVaNnG8j1lsv-5GNaHe27pT6c.css | http://drupal-11.3.10.ddev.site/sites/default/files/css/css_kZDCSD97qogd8Js3yWkOqr7nblgbg_WodF2GiahVhIc.css","http://drupal-git.ddev.site:8080/sites/default/files/css/css_KLhKWkd-10fItBI0yB5zU1NVxtsUcnqp3mnSsic0sXw.css | http://drupal-git.ddev.site:8080/sites/default/files/css/css_RGciPg516mF7_2NWodSROSPMu5G-uRGvZfhyglWW6nQ.css","","","","/html[1]/body[1]/aside[1]/nav[1]/div[2]/ul[1]/li[1]/button[1]","<button class=""toolbar-link toolbar-link--has-icon toolbar-link--create""> <span class=""toolbar-link__action"">Extend</span> <span class=""toolbar-link__label"">Create</span> </button>","/html[1]/body[1]/aside[1]/nav[1]/div[1]/div[2]/ul[1]/li[1]/button[1]","<button aria-expanded=""false"" aria-controls=""navigation-link--navigationcreate-1716402096"" data-toolbar-popover-control="""" data-has-safe-triangle="""" data-component-id=""navigation:toolbar-button"" data-index-text=""c"" data-icon-text=""Cr"" class=""toolbar-button toolbar-button--icon--navigation-create toolbar-button--expand--side toolbar-button--collapsible toolbar-popover__control"" data-once=""safe-triangle""> <svg width=""20"" height=""20"" viewBox=""0 0 24 24"" fill=""none"" class=""toolbar-button__icon"" aria-hidden=""true""> <path d=""M12 2.25C10.0716 2.25 8.18657 2.82183 6.58319 3.89317C4.97982 4.96452 3.73013 6.48726 2.99218 8.26884C2.25422 10.0504 2.06114 12.0108 2.43735 13.9021C2.81355 15.7934 3.74215 17.5307 5.10571 18.8943C6.46928 20.2579 8.20656 21.1865 10.0979 21.5627C11.9892 21.9389 13.9496 21.74","baseline/reports-status__default__light__button.png","candidate/reports-status__default__light__button.png"
"162","Admin Theme (dark + light) Reports Status - Toolbar Structure Toggle Button style regression vs Drupal 11 Gin","Reports Status","dark + light","Toolbar Structure Toggle Button","button.toolbar-link.toolbar-link--system-admin-structure","http://drupal-11.3.10.ddev.site/admin/reports/status","http://drupal-12-git.ddev.site:8080/admin/reports/status","light: fontSize: -100.0% | lineHeight: -100.0% | paddingY: -100.0% | paddingX: -100.0% | width: -100.0% | height: -100.0% | count: -1 (-100.0%) | dark: fontSize: -100.0% | lineHeight: -100.0% | paddingY: -100.0% | paddingX: -100.0% | width: -100.0% | height: -100.0% | count: -1 (-100.0%)","unknown","http://drupal-11.3.10.ddev.site/sites/default/files/css/css_ZSWPcqw2uJ8TwO2JSDqVaNnG8j1lsv-5GNaHe27pT6c.css | http://drupal-11.3.10.ddev.site/sites/default/files/css/css_kZDCSD97qogd8Js3yWkOqr7nblgbg_WodF2GiahVhIc.css","","","","","/html[1]/body[1]/aside[1]/nav[1]/div[4]/ul[1]/li[1]/button[1]","<button class=""toolbar-link toolbar-link--has-icon toolbar-link--system-admin-structure""> <span class=""toolbar-link__action"">Extend</span> <span class=""toolbar-link__label"">Structure</span> </button>","","","baseline/reports-status__default__light__toolbar-structure-toggle.png",""
